,Sample Number,Sampled Date,Partial Postal Code,Lead Amount ppb
3484,1536645,2014-01-01,M4E,7.80
3482,1536641,2014-01-03,M1L,0.0920
3475,1535461,2014-01-09,M4G,0.880
3476,1535457,2014-01-09,M4C,1.60
3474,1537589,2014-01-10,M4C,<0.0500
3471,1536622,2014-01-13,M6P,0.460
3462,1545982,2014-01-16,M6P,0.360
3463,1546030,2014-01-16,M6P,4.40
3460,1540984,2014-01-19,M9B,0.780
3444,1541356,2014-01-28,M6R,12.0
3443,1545983,2014-01-29,M4P,0.230
3403,1551409,2014-02-25,M1M,0.0600
3400,1555569,2014-03-02,M3M,<0.0500
3399,1556417,2014-03-06,M6J,2.60
3398,1555544,2014-03-07,M6M,2.50
3397,1556416,2014-03-07,M4J,0.690
3396,1555515,2014-03-08,M4B,0.0560
3394,1555510,2014-03-10,M6K,2.40
3395,1565880,2014-03-10,M4P,<0.0500
3393,1556418,2014-03-11,M6J,0.930
3392,1565882,2014-03-11,M6M,0.0619
3391,1556414,2014-03-11,M6P,0.0790
3390,1556412,2014-03-11,M4S,0.270
3389,1556415,2014-03-11,M6J,7.60
3388,1559196,2014-03-13,M4C,0.120
3387,1559192,2014-03-14,M3H,0.0680
3386,1565881,2014-03-14,M4K,0.258
3385,1562001,2014-03-17,M4K,0.220
3384,1560885,2014-03-17,M6J,8.40
3383,1565892,2014-03-18,M3J,0.0938
3382,1562005,2014-03-18,M5P,2.40
3381,1559191,2014-03-19,M4L,0.140
3377,1561989,2014-03-20,M4C,3.00
3378,1559203,2014-03-20,M1P,0.320
3379,1562002,2014-03-20,M6K,1.90
3380,1561990,2014-03-20,M4L,7.00
3376,1561992,2014-03-21,M4C,0.850
3375,1561993,2014-03-21,M4M,2.90
3374,1565894,2014-03-23,M4N,0.249
3373,1560886,2014-03-23,M6R,2.20
3372,1560883,2014-03-24,M8V,<0.0500
3371,1561988,2014-03-24,M6H,1.90
3370,1562000,2014-03-24,M4C,4.70
3369,1561991,2014-03-25,M4L,5.10
3368,1560882,2014-03-25,M8W,3.60
3367,1560771,2014-03-26,M1H,0.0500
3366,1561999,2014-03-26,M4G,3.70
3365,1560884,2014-03-26,M9C,0.260
3363,1567257,2014-03-27,M4M,3.78
3364,1564745,2014-03-27,M6H,0.117
3362,1568757,2014-03-28,M6H,0.732
3361,1563706,2014-03-28,M1L,0.139
3360,1567271,2014-03-31,M6N,3.80
3359,1567270,2014-03-31,M6H,0.472
3358,1564734,2014-03-31,M9R,<0.0500
3357,1567273,2014-03-31,M6H,0.962
3356,1564736,2014-03-31,M6H,0.108
3354,1563708,2014-04-01,M4J,2.57
3351,1563707,2014-04-01,M4L,0.802
3349,1564733,2014-04-02,M9R,0.199
3348,1567259,2014-04-02,M6K,5.66
3344,1567228,2014-04-04,M4G,3.36
3342,1567226,2014-04-05,M4C,3.28
3341,1565893,2014-04-06,M3H,0.0990
3338,1565885,2014-04-07,M2N,0.204
3333,1567248,2014-04-08,M1N,0.539
3337,1568412,2014-04-08,M4S,0.0843
3336,1567268,2014-04-08,M5N,0.773
3331,1568415,2014-04-09,M1N,1.37
3328,1568413,2014-04-10,M4L,6.25
3320,1570901,2014-04-14,M6J,<0.0500
3321,1569992,2014-04-14,M4L,5.17
3322,1570003,2014-04-14,M4J,0.0945
3315,1573341,2014-04-16,M6C,0.298
3314,1570002,2014-04-16,M4V,0.163
3313,1573056,2014-04-17,M2M,0.500
3311,1573356,2014-04-21,M6S,<0.0500
3310,1575139,2014-04-22,M4T,3.18
3308,1570904,2014-04-22,M6N,4.31
3309,1575137,2014-04-22,M1N,0.559
3306,1573369,2014-04-23,M8V,0.130
3302,1576198,2014-04-23,M5R,0.459
3301,1573048,2014-04-23,M4G,0.0868
3290,1583973,2014-04-25,M1M,0.313
3294,1583822,2014-04-25,M4E,<0.0500
3285,1574999,2014-04-27,M4J,0.200
3277,1575144,2014-04-30,M6J,13.2
3247,1580516,2014-05-14,Tor,0.0719
3239,1583375,2014-05-16,M6P,1.02
3236,1583373,2014-05-17,M5R,0.816
3229,1583796,2014-05-20,M4J,1.53
3195,1588673,2014-05-20,M1R,0.158
3223,1584726,2014-05-20,M4L,4.73
3224,1583800,2014-05-20,M4J,2.34
3189,1583318,2014-05-20,M4R,2.58
3227,1586775,2014-05-20,M6E,5.37
3197,1583527,2014-05-20,M4R,0.159
3089,1583613,2014-05-21,M2N,0.184
3167,1589008,2014-05-21,M6E,3.74
3114,1583372,2014-05-21,M4C,0.400
3127,1586474,2014-05-21,M1R,0.0750
3078,1583931,2014-05-21,M4C,0.227
3047,1584753,2014-05-21,M4S,4.43
3155,1584799,2014-05-21,M6G,0.218
3042,1583878,2014-05-21,M4J,0.167
3040,1583874,2014-05-21,M4J,0.0847
3173,1583824,2014-05-21,M4J,0.112
3075,1583679,2014-05-21,M4C,0.434
3084,1583813,2014-05-21,M4C,0.186
3063,1583626,2014-05-21,M5M,1.92
3169,1585355,2014-05-21,M9A,<0.0500
3134,1584783,2014-05-21,M6C,3.99
3168,1584969,2014-05-21,M4C,2.48
2895,1584741,2014-05-22,M5M,0.0536
2944,1583547,2014-05-22,M4E,0.136
2969,1585748,2014-05-22,M4N,0.234
2988,1586620,2014-05-22,M4M,0.108
3013,1584809,2014-05-22,M6R,0.0801
2916,1584798,2014-05-22,M4G,0.381
2881,1584800,2014-05-22,M6R,0.0889
2987,1587995,2014-05-22,M4J,<0.0500
3015,1587924,2014-05-22,M1V,0.492
2918,1583943,2014-05-22,M4C,0.431
2972,1583920,2014-05-22,M4B,1.42
2824,1587393,2014-05-23,M4V,4.45
2835,1585565,2014-05-23,M5M,4.69
2776,1587055,2014-05-23,M6P,0.321
2812,1587129,2014-05-23,M6H,1.30
2808,1587047,2014-05-23,M6S,0.191
2821,1587254,2014-05-23,M4V,0.866
2757,1587729,2014-05-24,M4R,3.15
2754,1587363,2014-05-24,M4S,1.18
2708,1588761,2014-05-25,M4B,0.624
2731,1587652,2014-05-25,M5M,6.97
2740,1587851,2014-05-25,M1L,<0.0500
2684,1587784,2014-05-26,M9B,0.0575
2585,1587753,2014-05-26,M5N,0.0958
2700,1587008,2014-05-26,M4J,1.51
2590,1587760,2014-05-26,M8Y,<0.0500
2648,1587684,2014-05-26,M4E,0.154
2600,1587695,2014-05-26,M6R,3.24
2679,1586531,2014-05-26,M9N,<0.0500
2603,1589172,2014-05-26,M6N,0.115
2653,1587926,2014-05-26,M4L,0.112
2584,1587073,2014-05-26,M6S,0.374
2613,1589079,2014-05-26,M4K,0.140
2592,1587398,2014-05-26,M6P,1.62
2481,1588989,2014-05-27,M8Y,0.0980
2500,1590754,2014-05-27,M4R,3.50
2489,1588962,2014-05-27,M1K,<0.0500
2556,1589489,2014-05-27,M3A,0.487
2574,1589943,2014-05-27,M4J,2.16
2555,1587987,2014-05-27,M6P,<0.0500
2519,1588969,2014-05-27,M4N,3.75
2507,1587948,2014-05-27,M6S,0.202
2446,1587310,2014-05-28,M4T,8.99
2436,1589165,2014-05-28,M5R,0.241
2425,1588806,2014-05-28,M6G,0.374
2440,1588813,2014-05-28,M6S,<0.0500
2434,1588896,2014-05-28,M6R,0.129
2401,1589173,2014-05-28,M8Z,0.0622
2399,1588904,2014-05-28,M2N,4.42
2431,1589915,2014-05-28,M4G,6.70
2445,1590435,2014-05-28,M6G,2.97
2473,1588758,2014-05-28,M9W,0.0652
2339,1589262,2014-05-29,M4L,0.114
2344,1590656,2014-05-29,M5M,4.50
2323,1591033,2014-05-29,M6E,0.346
2353,1589385,2014-05-29,M4L,0.538
2349,1587639,2014-05-29,M4N,4.99
2330,1589967,2014-05-29,M6S,0.0672
2364,1589510,2014-05-29,M4E,1.47
2346,1589459,2014-05-29,M6R,5.61
2378,1590374,2014-05-29,M6P,<0.0500
2325,1590734,2014-05-29,M1M,0.217
2365,1589314,2014-05-29,M4J,1.83
2294,1589080,2014-05-30,M4M,8.23
2280,1591574,2014-05-30,M6H,0.125
2262,1590414,2014-05-30,M8X,0.953
2272,1590164,2014-05-30,M6C,35.4
2310,1590166,2014-05-30,M6J,15.0
2279,1590411,2014-05-30,M6S,0.106
2286,1590160,2014-05-30,M6S,0.583
2251,1591649,2014-05-31,M6H,0.206
2230,1591380,2014-06-01,M6R,2.91
2242,1597279,2014-06-01,M6R,0.0513
2223,1591377,2014-06-01,M4C,4.04
2220,1591218,2014-06-01,M4B,<0.0500
2234,1591253,2014-06-01,M4K,0.665
2241,1590614,2014-06-01,M4R,1.81
2237,1590163,2014-06-01,M4R,2.09
2240,1596704,2014-06-01,M6S,0.0875
2224,1591630,2014-06-01,M6P,3.23
2228,1589990,2014-06-01,M4S,0.277
2239,1596876,2014-06-01,M4E,0.116
2243,1590881,2014-06-01,M6P,0.289
2236,1591635,2014-06-01,M8Z,0.109
2225,1598349,2014-06-01,M4J,2.08
2227,1591444,2014-06-01,M9B,1.35
2221,1597280,2014-06-01,M6S,0.307
2232,1591432,2014-06-01,M6R,0.0965
2222,1591542,2014-06-01,M4L,12.2
2235,1591194,2014-06-01,M4E,1.29
2244,1591636,2014-06-01,M6N,2.21
2233,1591287,2014-06-01,M4B,<0.0500
2146,1591277,2014-06-02,M4C,0.160
2155,1590768,2014-06-02,M1K,<0.0500
2192,1591548,2014-06-02,M4M,4.33
2158,1591390,2014-06-02,M6S,1.15
2143,1591381,2014-06-02,M4J,0.256
2186,1591618,2014-06-02,M4J,0.144
2169,1591489,2014-06-02,M6N,4.00
2154,1591646,2014-06-02,M4J,0.981
2217,1590615,2014-06-02,M3C,<0.0500
2171,1591378,2014-06-02,M6R,0.143
2204,1596990,2014-06-02,M4L,1.86
2199,1596976,2014-06-02,M4E,<0.0500
2211,1591558,2014-06-02,M6P,5.54
2206,1590416,2014-06-02,M4N,0.106
2198,1590831,2014-06-02,M5M,0.0878
2151,1590459,2014-06-02,M6P,0.104
2162,1596803,2014-06-02,M6J,8.01
2180,1591362,2014-06-02,M4E,<0.0500
2173,1591556,2014-06-02,M6R,4.66
2179,1591123,2014-06-02,M4J,0.283
2147,1591387,2014-06-02,M6K,0.127
2216,1590152,2014-06-02,M5P,0.200
2166,1591281,2014-06-02,M4L,0.0836
2174,1591567,2014-06-02,M5R,0.553
2208,1591270,2014-06-02,M4J,0.0739
2190,1594017,2014-06-02,M6C,0.0572
2159,1591243,2014-06-02,M4K,4.63
2202,1591389,2014-06-02,M9V,0.0524
2160,1591633,2014-06-02,M6P,3.92
2148,1596764,2014-06-02,M5M,0.226
2161,1591279,2014-06-02,M4G,0.555
2142,1590821,2014-06-02,M4P,1.40
2187,1590386,2014-06-02,M4R,1.49
2145,1597235,2014-06-02,M8V,0.930
2215,1591620,2014-06-02,M6S,<0.0500
2209,1591623,2014-06-02,M6J,0.169
2172,1590449,2014-06-02,M6G,<0.0500
2196,1597252,2014-06-02,M4T,0.130
2193,1594453,2014-06-02,M6S,0.0658
2149,1595406,2014-06-02,M4K,1.36
2167,1591363,2014-06-02,M4K,0.531
2157,1591383,2014-06-02,M8V,0.0509
2195,1590646,2014-06-02,M3H,0.250
2188,1594076,2014-06-02,M4G,0.187
2197,1590635,2014-06-02,M5P,0.0518
2212,1590419,2014-06-02,M5R,<0.0500
2183,1591484,2014-06-02,M6S,3.36
2175,1597288,2014-06-02,M5S,0.0520
2178,1596977,2014-06-02,M6B,0.148
2219,1591286,2014-06-02,M4C,0.117
2181,1591419,2014-06-02,M6P,0.221
2207,1591647,2014-06-02,M6P,0.964
2176,1591486,2014-06-02,M6P,0.0565
2156,1596215,2014-06-02,M5P,0.156
2177,1591628,2014-06-02,M8Y,0.287
2218,1591559,2014-06-02,M4G,0.168
2201,1591010,2014-06-02,M6C,1.35
2164,1591356,2014-06-02,M4J,0.0823
2165,1597010,2014-06-02,M6G,10.0
2144,1597104,2014-06-02,M4K,0.210
2214,1591619,2014-06-02,M9C,0.0560
2170,1590612,2014-06-02,M5M,0.0619
2182,1591450,2014-06-02,M6P,0.158
2203,1590785,2014-06-02,M4R,0.683
2210,1591557,2014-06-02,M6N,3.79
2137,1591424,2014-06-03,M6N,3.12
2133,1591087,2014-06-03,M6C,0.0906
2111,1594667,2014-06-03,M4E,8.53
2128,1596868,2014-06-03,M4L,<0.0500
2121,1591052,2014-06-03,M4N,2.76
2138,1608405,2014-06-03,M6S,0.103
2103,1592940,2014-06-03,M6P,0.0782
2104,1594074,2014-06-03,M4N,0.0515
2135,1591280,2014-06-03,M4E,1.89
2123,1593145,2014-06-03,M6S,0.297
2102,1594064,2014-06-03,M5M,0.405
2084,1595453,2014-06-03,M5S,0.906
2087,1598987,2014-06-03,M6S,0.368
2089,1596866,2014-06-03,M6K,3.23
2101,1591141,2014-06-03,M4G,0.332
2083,1594056,2014-06-03,M6C,0.0871
2122,1590758,2014-06-03,M1S,0.125
2132,1591522,2014-06-03,M6P,0.109
2126,1591283,2014-06-03,M4J,0.342
2124,1590638,2014-06-03,M4R,0.174
2091,1592969,2014-06-03,M6S,0.0768
2120,1591382,2014-06-03,M9A,0.356
2110,1597909,2014-06-03,M4B,1.44
2093,1593096,2014-06-03,M6H,0.700
2139,1596903,2014-06-03,M4K,1.21
2119,1591622,2014-06-03,M4J,1.32
2127,1597011,2014-06-03,M5R,0.116
2112,1597013,2014-06-03,M5M,7.18
2134,1591159,2014-06-03,M4J,0.0673
2085,1591360,2014-06-03,M4L,2.57
2140,1591386,2014-06-03,M6E,0.0923
2130,1591125,2014-06-03,M4E,0.0974
2131,1591575,2014-06-03,M9B,0.0551
2116,1593137,2014-06-03,M6P,0.0674
2097,1591376,2014-06-03,M6G,3.21
2109,1593136,2014-06-03,M6P,0.140
2115,1593790,2014-06-03,M3H,0.0894
2136,1591355,2014-06-03,M6S,1.98
2105,1593012,2014-06-03,M6S,7.71
2086,1591366,2014-06-03,M4G,0.363
2107,1591388,2014-06-03,M8V,<0.0500
2117,1591639,2014-06-03,M6H,<0.0500
2090,1597872,2014-06-03,M4N,3.87
2106,1597914,2014-06-03,M4L,2.86
2118,1596744,2014-06-03,M4G,1.32
2100,1596706,2014-06-03,M5R,<0.0500
2082,1591645,2014-06-03,M6P,1.53
2094,1594093,2014-06-03,M4N,2.59
2129,1597739,2014-06-03,M4J,2.06
2125,1597906,2014-06-03,M4N,0.0805
2041,1597089,2014-06-04,M4G,0.402
2037,1597248,2014-06-04,M4K,0.0502
2027,1594061,2014-06-04,M5M,0.0546
2069,1593010,2014-06-04,M6P,0.134
2051,1594039,2014-06-04,M6C,0.0530
2065,1597806,2014-06-04,M4E,1.77
2018,1593141,2014-06-04,M9N,1.88
2010,1592971,2014-06-04,M1K,<0.0500
2023,1597927,2014-06-04,M4C,0.0888
2020,1593013,2014-06-04,M6S,0.0560
2061,1593118,2014-06-04,M6S,0.226
2011,1594073,2014-06-04,M4N,0.870
2042,1594026,2014-06-04,M4S,3.09
2026,1594089,2014-06-04,M4R,0.476
2044,1594053,2014-06-04,M5M,0.0834
2029,1593089,2014-06-04,M6S,0.123
2076,1600023,2014-06-04,M4L,<0.0500
2080,1593131,2014-06-04,M9C,0.234
2056,1596867,2014-06-04,M4E,0.816
2012,1593163,2014-06-04,M6S,0.561
2024,1597719,2014-06-04,M4E,1.31
2079,1593149,2014-06-04,M6P,0.248
2009,1592970,2014-06-04,M6R,2.95
2025,1593103,2014-06-04,M6S,<0.0500
2014,1593143,2014-06-04,M6S,0.107
2039,1593171,2014-06-04,M6R,0.428
2045,1594526,2014-06-04,M6R,2.07
2077,1597002,2014-06-04,M4L,3.24
2013,1593138,2014-06-04,M6S,0.105
2064,1591266,2014-06-04,M4J,<0.0500
2050,1593146,2014-06-04,M6S,<0.0500
2054,1594072,2014-06-04,M5P,0.213
2071,1594094,2014-06-04,M4R,4.39
2048,1597290,2014-06-04,M4J,<0.0500
2038,1592915,2014-06-04,M6P,<0.0500
2040,1593005,2014-06-04,M6P,0.815
2060,1593003,2014-06-04,M6P,0.275
2046,1594071,2014-06-04,M5M,0.102
2057,1596978,2014-06-04,M4G,0.124
2008,1593148,2014-06-04,M6R,0.0938
2017,1597249,2014-06-04,M4M,3.71
2043,1593099,2014-06-04,M6R,<0.0500
2066,1595385,2014-06-04,M8V,0.0856
2075,1593004,2014-06-04,M6R,0.209
2068,1592968,2014-06-04,M6S,3.33
2022,1594781,2014-06-04,M4E,4.18
2030,1596806,2014-06-04,M4C,0.236
2063,1597012,2014-06-04,M4E,0.222
2034,1593132,2014-06-04,M6C,0.128
2019,1593007,2014-06-04,M6P,2.71
2058,1592965,2014-06-04,M6E,1.87
2047,1592900,2014-06-04,M6S,0.152
2062,1597080,2014-06-04,M6G,0.648
2055,1596872,2014-06-04,M4M,2.35
2067,1595285,2014-06-04,M5M,<0.0500
2032,1594758,2014-06-04,M4E,2.17
2052,1597236,2014-06-04,M8V,<0.0500
2031,1597928,2014-06-04,M4L,0.0902
2081,1592967,2014-06-04,M6S,<0.0500
2021,1593011,2014-06-04,M6P,1.05
2078,1591357,2014-06-04,M4G,0.493
1972,1594077,2014-06-05,M4N,1.73
1982,1595308,2014-06-05,M5M,2.92
1983,1595355,2014-06-05,M4L,0.376
1956,1594524,2014-06-05,M6G,0.751
1984,1594677,2014-06-05,M6P,5.43
1973,1591193,2014-06-05,M4L,2.26
1964,1597049,2014-06-05,M4J,0.124
2001,1594733,2014-06-05,M1P,0.828
2002,1594521,2014-06-05,M8Z,0.0514
1959,1597108,2014-06-05,M4E,3.23
1967,1593028,2014-06-05,M6P,1.51
1998,1597019,2014-06-05,M4J,<0.0500
1953,1597253,2014-06-05,M5S,0.248
1990,1597786,2014-06-05,M4C,0.947
1993,1594070,2014-06-05,M4N,0.158
1962,1593842,2014-06-05,M4P,8.89
1971,1594058,2014-06-05,M4W,2.20
1970,1593129,2014-06-05,M8X,0.167
1958,1592972,2014-06-05,M6P,0.0659
1996,1597801,2014-06-05,M4K,4.47
1963,1597251,2014-06-05,M6J,0.247
1955,1597833,2014-06-05,M4C,<0.0500
2006,1592899,2014-06-05,M6G,1.07
1987,1597895,2014-06-05,M4C,1.03
1977,1594068,2014-06-05,M5M,0.212
1988,1594697,2014-06-05,M1V,<0.0500
2007,1592964,2014-06-05,M6P,0.859
1957,1596741,2014-06-05,M4M,1.55
2003,1595311,2014-06-05,M6R,<0.0500
1960,1594660,2014-06-05,M5H,4.25
1999,1597802,2014-06-05,M4C,3.08
2000,1597778,2014-06-05,M4B,1.76
1995,1597006,2014-06-05,M4N,2.33
2004,1594027,2014-06-05,M6C,0.0606
1994,1597915,2014-06-05,M4C,1.22
1997,1596824,2014-06-05,M9B,0.0520
1968,1594038,2014-06-05,M5P,0.721
1985,1594685,2014-06-05,M9V,0.0779
2005,1595362,2014-06-05,M6G,0.319
1992,1594060,2014-06-05,M6M,<0.0500
1980,1594041,2014-06-05,M6G,6.46
1952,1597008,2014-06-05,M6J,1.52
1991,1594662,2014-06-05,M6H,0.0566
1979,1597896,2014-06-05,M4C,0.164
1975,1593144,2014-06-05,M6M,0.212
1965,1597925,2014-06-05,M4L,0.983
1961,1597870,2014-06-05,M4E,0.106
1978,1596907,2014-06-05,M4C,0.506
1945,1597090,2014-06-06,M5S,<0.0500
1912,1594728,2014-06-06,M6P,0.211
1910,1594641,2014-06-06,M6S,6.10
1941,1596917,2014-06-06,M4C,1.43
1930,1594624,2014-06-06,M6P,0.301
1917,1594553,2014-06-06,M6E,1.48
1929,1593795,2014-06-06,M5M,0.106
1938,1594878,2014-06-06,M4E,0.150
1926,1596892,2014-06-06,M4C,9.78
1919,1597102,2014-06-06,M4C,0.200
1951,1594671,2014-06-06,M9P,0.129
1944,1593134,2014-06-06,M6S,0.0773
1913,1594852,2014-06-06,M6P,0.893
1905,1593859,2014-06-06,M5R,<0.0500
1932,1597083,2014-06-06,M4E,1.96
1943,1594538,2014-06-06,M6P,2.21
1947,1594868,2014-06-06,M4E,0.112
1950,1595379,2014-06-06,M4M,0.480
1922,1597770,2014-06-06,M4C,5.99
1933,1595403,2014-06-06,M6R,1.40
1923,1594816,2014-06-06,M1V,0.0830
1928,1594698,2014-06-06,M4M,11.3
1899,1594045,2014-06-06,M4S,0.125
1915,1593596,2014-06-06,M2N,0.0637
1920,1594040,2014-06-06,M5M,2.70
1949,1594096,2014-06-06,M5M,2.32
1914,1594663,2014-06-06,M6S,0.123
1935,1595294,2014-06-06,M4L,0.628
1925,1596455,2014-06-06,M6P,0.0992
1946,1594176,2014-06-06,M4R,<0.0500
1931,1597294,2014-06-06,M6J,1.36
1900,1593789,2014-06-06,M4R,<0.0500
1908,1594508,2014-06-06,M6S,0.0612
1898,1594729,2014-06-06,M9W,0.0598
1939,1597760,2014-06-06,M4K,2.92
1911,1599078,2014-06-06,M8Y,<0.0500
1940,1594528,2014-06-06,M6S,3.94
1906,1597027,2014-06-06,M6E,18.7
1921,1594051,2014-06-06,M2N,0.104
1902,1593867,2014-06-06,M4N,0.0694
1934,1597776,2014-06-06,M1L,0.188
1924,1594869,2014-06-06,M1V,0.0597
1903,1597240,2014-06-06,M4C,0.139
1918,1597772,2014-06-06,M4C,3.20
1896,1598807,2014-06-07,M6P,0.263
1897,1599149,2014-06-07,M9C,0.0727
1892,1597088,2014-06-08,M5M,2.72
1891,1597237,2014-06-08,M4S,0.293
1884,1594054,2014-06-08,M6C,1.29
1894,1596914,2014-06-08,M5S,0.299
1886,1595358,2014-06-08,M2N,4.73
1889,1594862,2014-06-08,M6E,4.74
1895,1595309,2014-06-08,M4W,0.433
1888,1594454,2014-06-08,M6H,3.19
1887,1594699,2014-06-08,M6C,4.95
1837,1594530,2014-06-09,M6S,0.407
1878,1594656,2014-06-09,M4G,4.08
1854,1594006,2014-06-09,M5N,1.48
1846,1595359,2014-06-09,M4E,0.116
1874,1594052,2014-06-09,M2M,<0.0500
1838,1597924,2014-06-09,M4M,1.44
1845,1594751,2014-06-09,M6R,0.0552
1865,1598710,2014-06-09,M4N,<0.0500
1876,1595387,2014-06-09,M4N,1.06
1875,1594075,2014-06-09,M6C,<0.0500
1880,1594639,2014-06-09,M6S,<0.0500
1871,1594750,2014-06-09,M6E,2.34
1861,1593754,2014-06-09,M5M,0.285
1856,1598702,2014-06-09,M2R,0.0506
1839,1594864,2014-06-09,M1N,0.977
1879,1597795,2014-06-09,M4L,1.87
1840,1597905,2014-06-09,M4L,1.33
1873,1598959,2014-06-09,M5S,0.141
1867,1594460,2014-06-09,M6E,3.28
1842,1594670,2014-06-09,M8Z,0.0635
1852,1602145,2014-06-09,M6S,0.524
1851,1597710,2014-06-09,M4C,4.12
1858,1594042,2014-06-09,M3A,0.103
1877,1595419,2014-06-09,M4N,3.80
1841,1594854,2014-06-09,M1T,0.512
1859,1594055,2014-06-09,M5P,0.0990
1843,1597277,2014-06-09,M4E,5.77
1850,1597837,2014-06-09,M4J,0.208
1847,1598909,2014-06-09,M2M,0.396
1866,1596821,2014-06-09,M5M,4.87
1848,1594756,2014-06-09,M6R,1.08
1868,1594655,2014-06-09,M9B,<0.0500
1881,1597874,2014-06-09,M4K,0.201
1864,1594734,2014-06-09,M4N,0.134
1857,1599077,2014-06-09,M4N,0.517
1860,1594050,2014-06-09,M6C,0.0656
1844,1594736,2014-06-09,M8Y,0.491
1849,1597033,2014-06-09,M8Y,0.158
1862,1597092,2014-06-09,M6E,1.85
1833,1594095,2014-06-09,M5M,<0.0500
1870,1594678,2014-06-09,M9B,0.102
1872,1595383,2014-06-09,M6J,0.241
1830,1594661,2014-06-10,M9R,0.300
1776,1594494,2014-06-10,M6R,0.566
1786,1595312,2014-06-10,M4V,0.181
1812,1594735,2014-06-10,M6E,0.249
1822,1598714,2014-06-10,M2H,0.0818
1817,1597799,2014-06-10,M4M,1.35
1788,1597030,2014-06-10,M5B,0.880
1826,1594499,2014-06-10,M6R,1.90
1800,1595327,2014-06-10,M5N,2.14
1779,1597087,2014-06-10,M4C,1.42
1815,1597737,2014-06-10,M4L,1.59
1828,1594523,2014-06-10,M6J,2.42
1821,1603533,2014-06-10,M1L,0.417
1801,1597800,2014-06-10,M4C,0.0988
1796,1595286,2014-06-10,M4J,<0.0500
1798,1594669,2014-06-10,M9V,<0.0500
1808,1597272,2014-06-10,M5M,1.53
1780,1597926,2014-06-10,M4J,0.949
1804,1597052,2014-06-10,M4L,0.389
1795,1597807,2014-06-10,M4J,0.213
1827,1600036,2014-06-10,M4J,4.46
1825,1594659,2014-06-10,M6P,0.189
1805,1595401,2014-06-10,M5M,1.39
1831,1599319,2014-06-10,M4N,1.83
1785,1597009,2014-06-10,M4J,0.575
1820,1594696,2014-06-10,M1S,0.0732
1778,1594515,2014-06-10,M6R,2.16
1784,1594498,2014-06-10,M6R,0.663
1803,1594623,2014-06-10,M6P,<0.0500
1783,1594622,2014-06-10,M6P,1.31
1807,1595313,2014-06-10,M8X,0.195
1816,1597007,2014-06-10,M6G,<0.0500
1809,1597091,2014-06-10,M4W,<0.0500
1814,1594863,2014-06-10,M6H,2.01
1794,1598916,2014-06-10,M1R,0.163
1793,1594132,2014-06-10,M5P,0.285
1823,1594643,2014-06-10,M8Z,0.171
1806,1598989,2014-06-10,M2N,0.0860
1791,1598956,2014-06-10,M6E,3.06
1802,1594642,2014-06-10,M6R,<0.0500
1832,1597773,2014-06-10,M4B,0.143
1781,1593785,2014-06-10,M4N,1.82
1819,1597779,2014-06-10,M4J,0.0890
1757,1594702,2014-06-11,M1T,0.0957
1755,1594640,2014-06-11,M6S,0.119
1761,1596663,2014-06-11,M4M,1.11
1762,1598783,2014-06-11,M4N,0.0584
1759,1596883,2014-06-11,M4L,5.07
1764,1597811,2014-06-11,M4C,5.36
1766,1598824,2014-06-11,M6C,0.384
1746,1598718,2014-06-11,M5M,5.56
1763,1598795,2014-06-11,M5M,<0.0500
1744,1613268,2014-06-11,M4G,0.288
1767,1598401,2014-06-11,M4J,<0.0500
1754,1594684,2014-06-11,M6S,0.0537
1748,1595310,2014-06-11,M6R,0.0855
1750,1599965,2014-06-11,M6B,0.873
1743,1600476,2014-06-11,M6N,19.7
1774,1598846,2014-06-11,M3H,0.0588
1768,1595370,2014-06-11,M6G,0.0858
1741,1598840,2014-06-11,M6E,5.07
1742,1600384,2014-06-11,M9R,0.777
1749,1600613,2014-06-11,M4J,5.56
1758,1594725,2014-06-11,M6P,2.16
1751,1598323,2014-06-11,M4C,0.546
1772,1596742,2014-06-11,M4C,5.36
1760,1594519,2014-06-11,M6R,0.260
1771,1595360,2014-06-11,M6E,6.54
1770,1599905,2014-06-11,M6N,<0.0500
1745,1594497,2014-06-11,M6K,0.476
1747,1594516,2014-06-11,M6R,1.50
1756,1598918,2014-06-11,M5P,0.0609
1765,1603672,2014-06-11,M2L,0.142
1769,1596884,2014-06-11,M4K,0.0760
1773,1599135,2014-06-11,M6N,0.974
1753,1594668,2014-06-11,M6P,1.96
1740,1594529,2014-06-11,M6H,1.09
1724,1598372,2014-06-12,M4G,0.263
1732,1598325,2014-06-12,M4K,<0.0500
1723,1598938,2014-06-12,M6P,4.94
1728,1598988,2014-06-12,M5N,<0.0500
1712,1598402,2014-06-12,M4C,<0.0500
1718,1597036,2014-06-12,M6E,0.150
1721,1598936,2014-06-12,M6P,0.0691
1720,1600612,2014-06-12,M5M,1.61
1736,1600493,2014-06-12,M5V,13.5
1717,1597804,2014-06-12,M4L,8.58
1715,1597106,2014-06-12,M4J,2.81
1735,1598363,2014-06-12,M4J,0.271
1722,1598929,2014-06-12,M6J,0.239
1734,1599162,2014-06-12,M4N,0.186
1730,1599021,2014-06-12,M6S,<0.0500
1726,1598326,2014-06-12,M4B,1.62
1731,1594872,2014-06-12,M1N,0.110
1710,1601134,2014-06-12,M4C,7.50
1727,1599876,2014-06-12,M6P,<0.0500
1729,1598990,2014-06-12,M6H,4.04
1738,1599968,2014-06-12,M4M,4.60
1713,1599006,2014-06-12,M6P,0.0985
1709,1599957,2014-06-12,M6R,6.33
1733,1598337,2014-06-12,M4J,4.50
1716,1599958,2014-06-12,M6A,1.40
1725,1598715,2014-06-12,M4N,2.03
1692,1598415,2014-06-13,M1N,0.105
1707,1598837,2014-06-13,M3H,0.122
1694,1600492,2014-06-13,M4M,2.08
1703,1598376,2014-06-13,M4G,0.328
1704,1598703,2014-06-13,M5N,<0.0500
1696,1598348,2014-06-13,M4J,5.10
1705,1603705,2014-06-13,M1C,<0.0500
1689,1600035,2014-06-13,M4L,0.0693
1695,1598935,2014-06-13,M4N,0.416
1698,1603770,2014-06-13,M1R,0.0624
1697,1599927,2014-06-13,M6P,1.29
1693,1600932,2014-06-13,M1N,<0.0500
1691,1600659,2014-06-13,M4L,<0.0500
1699,1598373,2014-06-13,M4K,0.292
1700,1598934,2014-06-13,M6R,10.0
1706,1599926,2014-06-13,M6P,0.0742
1701,1599184,2014-06-13,M9M,0.467
1685,1613585,2014-06-14,M5N,0.0994
1686,1598322,2014-06-14,M4C,25.1
1683,1607765,2014-06-14,M6B,<0.0500
1684,1598720,2014-06-14,M3A,<0.0500
1687,1597796,2014-06-14,M4J,2.52
1675,1600554,2014-06-15,M6K,0.0625
1674,1598760,2014-06-15,M4N,6.05
1672,1598908,2014-06-15,M6R,0.157
1682,1600640,2014-06-15,M8V,0.866
1671,1599967,2014-06-15,M5A,0.133
1679,1599996,2014-06-15,M4B,0.299
1673,1598414,2014-06-15,M4G,0.278
1676,1600931,2014-06-15,M2N,0.134
1680,1603323,2014-06-15,M6G,<0.0500
1681,1598810,2014-06-15,M9W,0.0712
1652,1599995,2014-06-16,M9B,0.152
1662,1600630,2014-06-16,M4T,0.443
1636,1600468,2014-06-16,M4W,0.0736
1650,1604413,2014-06-16,M4E,<0.0500
1664,1603499,2014-06-16,M6P,0.248
1660,1598839,2014-06-16,M5M,9.24
1630,1601532,2014-06-16,M4C,36.1
1635,1601099,2014-06-16,M4L,1.10
1641,1598324,2014-06-16,M4J,0.0807
1658,1599209,2014-06-16,M6H,1.75
1661,1599969,2014-06-16,M4C,0.103
1639,1598753,2014-06-16,M5N,2.57
1649,1598838,2014-06-16,M4R,3.18
1632,1598717,2014-06-16,M5M,6.38
1665,1601141,2014-06-16,M6S,0.299
1643,1599928,2014-06-16,M6S,1.19
1646,1598704,2014-06-16,M4S,0.375
1629,1600938,2014-06-16,M6H,0.160
1638,1600458,2014-06-16,M5R,<0.0500
1666,1600639,2014-06-16,M4C,0.691
1633,1598327,2014-06-16,M4E,2.37
1670,1602147,2014-06-16,M6P,0.0877
1663,1598836,2014-06-16,M2R,0.206
1644,1597093,2014-06-16,M4K,1.80
1631,1599950,2014-06-16,M5R,3.93
1667,1600400,2014-06-16,M4V,0.0959
1647,1603744,2014-06-16,M5A,0.900
1651,1603669,2014-06-16,M4C,4.40
1648,1603756,2014-06-16,M4X,0.108
1668,1598957,2014-06-16,M8Z,0.0626
1656,1598431,2014-06-16,M4G,0.0815
1655,1598947,2014-06-16,M6G,0.0918
1654,1614474,2014-06-16,M6N,5.04
1645,1603673,2014-06-16,M1N,1.23
1613,1606285,2014-06-17,M5M,4.65
1606,1600039,2014-06-17,M1N,4.93
1624,1600037,2014-06-17,M4E,0.141
1594,1601107,2014-06-17,M5G,<0.0500
1614,1600028,2014-06-17,M4C,0.255
1617,1599126,2014-06-17,M6S,0.998
1596,1601464,2014-06-17,M5M,11.7
1607,1604360,2014-06-17,M4K,0.136
1611,1598927,2014-06-17,M4N,0.196
1591,1603601,2014-06-17,M1B,<0.0500
1612,1599008,2014-06-17,M6H,0.284
1604,1603413,2014-06-17,M6P,0.406
1620,1599999,2014-06-17,M4C,1.65
1601,1603694,2014-06-17,M1G,<0.0500
1599,1598964,2014-06-17,M6C,0.0938
1626,1597736,2014-06-17,M4C,5.77
1592,1597803,2014-06-17,M4K,0.147
1595,1599900,2014-06-17,M6H,2.13
1627,1600448,2014-06-17,M4S,23.6
1589,1599896,2014-06-17,M6R,4.22
1608,1601796,2014-06-17,M3H,0.201
1625,1603495,2014-06-17,M6R,1.73
1622,1601166,2014-06-17,M4E,0.300
1616,1601467,2014-06-17,M5N,3.64
1605,1601108,2014-06-17,M5R,3.61
1615,1600003,2014-06-17,M4J,2.88
1610,1597711,2014-06-17,M4B,0.0522
1598,1599281,2014-06-17,M6R,6.27
1621,1598926,2014-06-17,M6E,1.82
1593,1602204,2014-06-17,M6C,0.158
1628,1601648,2014-06-17,M5M,5.52
1619,1598369,2014-06-17,M4C,0.0825
1552,1603423,2014-06-18,M6R,<0.0500
1548,1601111,2014-06-18,M6P,2.21
1580,1599128,2014-06-18,M9C,<0.0500
1544,1600657,2014-06-18,M6G,0.860
1559,1598377,2014-06-18,M3C,0.232
1570,1603475,2014-06-18,M6G,0.812
1582,1600941,2014-06-18,M6C,0.197
1542,1601647,2014-06-18,M6H,0.114
1551,1600038,2014-06-18,M4C,0.213
1561,1601804,2014-06-18,M5M,12.0
1577,1603571,2014-06-18,M6P,1.13
1549,1600614,2014-06-18,M6E,0.141
1554,1600960,2014-06-18,M6H,1.24
1547,1600557,2014-06-18,M6J,6.91
1578,1603793,2014-06-18,M6P,0.0635
1560,1598724,2014-06-18,M5M,0.304
1562,1603306,2014-06-18,M9R,0.393
1563,1607791,2014-06-18,M6C,4.86
1566,1600435,2014-06-18,M4L,0.118
1555,1601143,2014-06-18,M4E,0.613
1545,1601817,2014-06-18,M6L,<0.0500
1588,1603871,2014-06-18,M8Z,<0.0500
1581,1604331,2014-06-18,M4J,0.0614
1567,1601649,2014-06-18,M6C,0.192
1572,1600027,2014-06-18,M4J,0.0692
1557,1600617,2014-06-18,M6P,2.90
1569,1600641,2014-06-18,M4M,0.255
1586,1603450,2014-06-18,M6H,1.42
1558,1603682,2014-06-18,M1P,0.284
1553,1598716,2014-06-18,M5P,<0.0500
1576,1606661,2014-06-18,M4E,<0.0500
1543,1600658,2014-06-18,M4L,0.472
1571,1600425,2014-06-18,M6G,0.0689
1565,1607798,2014-06-18,M6C,3.03
1550,1601644,2014-06-18,M1L,<0.0500
1583,1603791,2014-06-18,M8X,0.0793
1546,1604334,2014-06-18,M4C,0.305
1579,1599998,2014-06-18,M4L,4.00
1568,1603428,2014-06-18,M6G,0.0833
1532,1602148,2014-06-19,M6S,0.0597
1533,1601463,2014-06-19,M2N,0.0655
1520,1611738,2014-06-19,M6K,0.379
1503,1603659,2014-06-19,M6P,<0.0500
1527,1606428,2014-06-19,M1B,0.0921
1540,1601793,2014-06-19,M2M,0.418
1509,1603356,2014-06-19,M6G,0.943
1519,1603414,2014-06-19,M6H,0.162
1504,1600426,2014-06-19,M4X,2.62
1529,1601794,2014-06-19,M4R,14.7
1524,1603769,2014-06-19,M9B,<0.0500
1507,1602206,2014-06-19,M6J,0.0700
1522,1600618,2014-06-19,M4M,2.92
1521,1603607,2014-06-19,M5R,1.18
1502,1603935,2014-06-19,M4K,2.56
1512,1600001,2014-06-19,M4J,0.0915
1528,1601563,2014-06-19,M4G,0.0782
1523,1601643,2014-06-19,M5M,0.132
1513,1602215,2014-06-19,M6S,0.269
1541,1601834,2014-06-19,M4S,1.42
1508,1604332,2014-06-19,M4C,0.0642
1510,1601813,2014-06-19,M4L,2.52
1526,1603347,2014-06-19,M6H,0.570
1538,1601847,2014-06-19,M6G,0.696
1537,1603271,2014-06-19,M6R,0.386
1518,1604409,2014-06-19,M1N,0.209
1534,1603424,2014-06-19,M6P,0.104
1539,1606426,2014-06-19,M4T,3.05
1515,1598923,2014-06-19,M5A,0.190
1516,1598925,2014-06-19,M6M,0.0610
1535,1601570,2014-06-19,M5N,0.202
1506,1603643,2014-06-19,M4L,1.39
1525,1601466,2014-06-19,M5M,0.182
1505,1603509,2014-06-19,M6C,0.224
1491,1601803,2014-06-20,M3A,0.159
1501,1600637,2014-06-20,M4K,7.41
1496,1601106,2014-06-20,M6J,1.72
1486,1603309,2014-06-20,M6G,1.22
1500,1602214,2014-06-20,M6R,<0.0500
1493,1601646,2014-06-20,M2M,0.203
1494,1604343,2014-06-20,M4E,1.16
1495,1601837,2014-06-20,M5R,1.29
1497,1603888,2014-06-20,M4K,1.02
1488,1601664,2014-06-20,M5N,0.107
1485,1603937,2014-06-20,M1N,0.0800
1498,1603927,2014-06-20,M4L,3.82
1490,1601575,2014-06-20,M5M,0.109
1489,1603598,2014-06-20,M6P,0.399
1492,1603766,2014-06-20,M9B,<0.0500
1484,1603794,2014-06-21,M1S,0.0976
1481,1603771,2014-06-21,M8W,2.67
1483,1606346,2014-06-21,M6G,<0.0500
1482,1603497,2014-06-21,M6H,5.68
1478,1601850,2014-06-22,M4N,0.0972
1475,1601815,2014-06-22,M4E,2.65
1480,1604348,2014-06-22,M4J,<0.0500
1479,1601849,2014-06-22,M4N,0.656
1477,1606226,2014-06-22,M4B,<0.0500
1474,1603893,2014-06-22,M6N,2.01
1439,1603583,2014-06-23,M6H,0.262
1458,1603560,2014-06-23,M6P,0.493
1453,1601469,2014-06-23,M2M,0.0829
1457,1603906,2014-06-23,M9P,0.168
1442,1601811,2014-06-23,M5S,0.0659
1441,1603488,2014-06-23,M6P,<0.0500
1456,1601485,2014-06-23,M5M,1.12
1460,1603476,2014-06-23,M6R,1.68
1455,1603913,2014-06-23,M4B,0.171
1440,1606262,2014-06-23,M4C,0.0908
1468,1603477,2014-06-23,M6M,0.489
1469,1603802,2014-06-23,M6S,0.125
1463,1607838,2014-06-23,M5M,2.49
1466,1603786,2014-06-23,M9B,<0.0500
1464,1603624,2014-06-23,M6H,1.21
1449,1603908,2014-06-23,M4L,1.47
1452,1603479,2014-06-23,M6R,0.100
1445,1601819,2014-06-23,M6J,3.85
1444,1601818,2014-06-23,M1L,<0.0500
1459,1603652,2014-06-23,M6G,5.87
1471,1603431,2014-06-23,M6H,0.225
1443,1601468,2014-06-23,M3H,0.267
1454,1601507,2014-06-23,M2M,0.0656
1438,1601833,2014-06-23,M5N,9.01
1467,1607957,2014-06-23,M4N,13.2
1448,1601641,2014-06-23,M6B,0.0647
1446,1603940,2014-06-23,M4J,0.126
1414,1606222,2014-06-24,M6K,1.85
1427,1607950,2014-06-24,M5M,2.03
1436,1603836,2014-06-24,M4J,2.34
1419,1606417,2014-06-24,M4L,6.81
1430,1606425,2014-06-24,M6R,0.0762
1433,1603635,2014-06-24,M6R,0.281
1431,1603432,2014-06-24,M6N,<0.0500
1429,1603838,2014-06-24,M5A,0.323
1426,1603910,2014-06-24,M4G,0.363
1418,1603630,2014-06-24,M6P,0.386
1434,1606264,2014-06-24,M6G,0.187
1435,1603792,2014-06-24,M6P,0.324
1412,1606249,2014-06-24,M6H,0.258
1413,1606214,2014-06-24,M6P,0.289
1420,1603675,2014-06-24,M1N,1.41
1432,1603883,2014-06-24,M6S,<0.0500
1425,1607956,2014-06-24,M4N,0.401
1424,1601820,2014-06-24,M5M,1.82
1421,1606229,2014-06-24,M5M,5.58
1422,1603931,2014-06-24,M4E,<0.0500
1415,1606224,2014-06-24,M6P,0.135
1428,1601840,2014-06-24,M4N,0.151
1437,1606258,2014-06-24,M6P,0.233
1416,1606227,2014-06-24,M6P,0.0628
1423,1606055,2014-06-24,M6P,0.236
1391,1606105,2014-06-25,M6P,0.141
1402,1604031,2014-06-25,M4G,0.386
1394,1606052,2014-06-25,M6J,2.12
1411,1603921,2014-06-25,M4J,0.132
1406,1606265,2014-06-25,M6P,<0.0500
1405,1603839,2014-06-25,M4C,8.94
1395,1604353,2014-06-25,M4K,2.75
1404,1606047,2014-06-25,M6S,3.21
1401,1606123,2014-06-25,M6J,0.660
1409,1605450,2014-06-25,M5R,5.41
1397,1603837,2014-06-25,M4L,2.45
1400,1606225,2014-06-25,M6P,1.95
1403,1606238,2014-06-25,M6E,6.08
1410,1606263,2014-06-25,M6C,0.124
1399,1603936,2014-06-25,M4K,2.90
1382,1606138,2014-06-26,M5M,2.53
1373,1606275,2014-06-26,M6E,2.78
1380,1606252,2014-06-26,M8V,0.278
1375,1606246,2014-06-26,M6E,0.149
1372,1606063,2014-06-26,M6S,0.180
1388,1607784,2014-06-26,M6G,<0.0500
1371,1606427,2014-06-26,M5V,1.48
1366,1607951,2014-06-26,M4W,3.04
1386,1607803,2014-06-26,M6E,10.1
1374,1604032,2014-06-26,M4J,2.70
1368,1606211,2014-06-26,M4T,1.31
1381,1606079,2014-06-26,M6R,<0.0500
1377,1603892,2014-06-26,M4C,0.259
1383,1602199,2014-06-26,M6E,0.0641
1376,1606193,2014-06-26,M4S,0.438
1378,1606217,2014-06-26,M6S,2.75
1387,1606220,2014-06-26,M4N,3.90
1369,1606569,2014-06-26,M4K,0.354
1390,1606579,2014-06-26,M4X,0.142
1384,1606075,2014-06-26,M6P,0.190
1389,1606677,2014-06-26,M4L,3.42
1367,1606274,2014-06-26,M4M,4.58
1370,1606281,2014-06-26,M5R,0.185
1379,1606216,2014-06-26,M5T,0.268
1365,1606156,2014-06-26,M6S,0.618
1359,1606040,2014-06-27,M8W,0.925
1362,1603308,2014-06-27,M6R,0.173
1354,1606261,2014-06-27,M1K,0.0992
1348,1606213,2014-06-27,M5P,0.139
1356,1606090,2014-06-27,M4K,<0.0500
1351,1606192,2014-06-27,M6E,3.82
1349,1606692,2014-06-27,M1M,0.166
1355,1607949,2014-06-27,M5M,0.262
1353,1606580,2014-06-27,M4J,0.173
1360,1606551,2014-06-27,M4C,0.101
1350,1606155,2014-06-27,M6H,0.113
1344,1606602,2014-06-27,M4G,0.136
1352,1607910,2014-06-27,M4P,10.9
1357,1606395,2014-06-27,M3B,1.37
1345,1607916,2014-06-27,M4R,9.18
1361,1607823,2014-06-27,M2N,0.744
1363,1606149,2014-06-27,M5V,0.443
1341,1603840,2014-06-28,M4L,0.230
1342,1606671,2014-06-28,M4G,5.37
1340,1608398,2014-06-29,M6J,0.0826
1333,1606215,2014-06-30,M4M,6.20
1339,1603907,2014-06-30,M4C,3.85
1325,1607781,2014-06-30,M5M,0.151
1322,1604338,2014-06-30,M4K,<0.0500
1327,1606122,2014-06-30,M6H,0.929
1335,1606703,2014-06-30,M1L,0.574
1324,1606219,2014-06-30,M6K,0.184
1323,1606548,2014-06-30,M4C,5.06
1337,1607928,2014-06-30,M4N,6.66
1326,1606084,2014-06-30,M6S,0.547
1334,1606049,2014-06-30,M9R,0.0590
1330,1606039,2014-06-30,M6S,0.248
1329,1606348,2014-06-30,M6G,2.72
1321,1606546,2014-06-30,M4J,<0.0500
1332,1606094,2014-06-30,M5R,3.79
1338,1604029,2014-06-30,M4J,0.0919
1313,1606570,2014-07-01,M4E,0.0651
1314,1606154,2014-07-01,M4K,3.11
1315,1606608,2014-07-01,M4M,<0.0500
1318,1606600,2014-07-01,M4K,0.163
1317,1606057,2014-07-01,M6K,10.6
1319,1607959,2014-07-01,M6C,0.343
1320,1607953,2014-07-01,M3H,0.0622
1316,1607854,2014-07-01,M6C,9.98
1304,1606153,2014-07-02,M4X,0.514
1300,1606150,2014-07-02,M4P,1.44
1301,1606267,2014-07-02,M4V,0.162
1302,1606582,2014-07-02,M4E,3.00
1303,1606393,2014-07-02,M8X,1.02
1305,1607915,2014-07-02,M4N,0.0980
1312,1608404,2014-07-02,M6P,<0.0500
1307,1612075,2014-07-02,M1M,0.0860
1308,1607826,2014-07-02,M5M,0.702
1309,1607807,2014-07-02,M6E,0.0532
1310,1608375,2014-07-02,M8Y,1.01
1311,1607827,2014-07-02,M4L,5.90
1306,1608401,2014-07-02,M6S,1.39
1286,1606145,2014-07-03,M4J,5.87
1287,1608214,2014-07-03,M6N,0.264
1288,1607912,2014-07-03,M5M,3.21
1290,1606218,2014-07-03,M4G,0.178
1291,1606056,2014-07-03,M6P,3.70
1292,1607828,2014-07-03,M4J,0.113
1289,1606607,2014-07-03,M4L,7.35
1294,1609402,2014-07-03,M4C,3.62
1293,1609207,2014-07-03,M4J,1.88
1298,1607799,2014-07-03,M6P,0.0712
1297,1606228,2014-07-03,M5S,0.168
1299,1606706,2014-07-03,M4L,0.905
1295,1607829,2014-07-03,M5N,0.118
1296,1608206,2014-07-03,M6S,0.463
1271,1608496,2014-07-04,M6R,4.01
1261,1609256,2014-07-04,M4J,1.13
1262,1609280,2014-07-04,M4K,<0.0500
1263,1606048,2014-07-04,M6P,0.266
1264,1607837,2014-07-04,M4C,0.162
1265,1608213,2014-07-04,M6P,1.08
1266,1609245,2014-07-04,M4E,1.36
1267,1606051,2014-07-04,M6P,0.156
1268,1607830,2014-07-04,M5M,2.87
1269,1608205,2014-07-04,M6R,<0.0500
1270,1606664,2014-07-04,M4L,2.87
1272,1609395,2014-07-04,M4C,0.134
1282,1608502,2014-07-04,M6C,0.112
1274,1608374,2014-07-04,M6H,<0.0500
1275,1609196,2014-07-04,M4J,0.482
1276,1608219,2014-07-04,M6R,1.58
1277,1609389,2014-07-04,M4C,0.0953
1278,1607839,2014-07-04,M5R,6.61
1279,1607778,2014-07-04,M3L,0.387
1280,1608215,2014-07-04,M6G,0.561
1281,1609206,2014-07-04,M4C,5.32
1283,1609363,2014-07-04,M4K,0.0604
1284,1608100,2014-07-04,M6N,<0.0500
1285,1609220,2014-07-04,M4B,0.136
1273,1607792,2014-07-04,M5R,0.176
1258,1608218,2014-07-05,M9A,0.167
1259,1611893,2014-07-05,M1N,1.32
1260,1611772,2014-07-05,M4K,<0.0500
1248,1620485,2014-07-06,M6C,0.109
1249,1607855,2014-07-06,M6C,4.25
1250,1607762,2014-07-06,M4G,0.724
1251,1609253,2014-07-06,M4B,0.261
1257,1611887,2014-07-06,M4C,0.108
1253,1608397,2014-07-06,M6P,1.73
1254,1611889,2014-07-06,M2H,0.127
1255,1612085,2014-07-06,M1L,0.280
1256,1608373,2014-07-06,M9B,<0.0500
1252,1607779,2014-07-06,M5R,0.971
1233,1609302,2014-07-07,M4J,0.124
1224,1609276,2014-07-07,M4C,0.0837
1225,1608512,2014-07-07,M2N,0.735
1226,1608101,2014-07-07,M9V,<0.0500
1227,1607930,2014-07-07,M3H,0.142
1228,1608210,2014-07-07,M6H,2.68
1229,1607825,2014-07-07,M4S,0.0650
1230,1609222,2014-07-07,M4G,5.33
1231,1611922,2014-07-07,M1E,0.0852
1232,1609195,2014-07-07,M4C,0.0586
1234,1608391,2014-07-07,M9B,0.156
1236,1609343,2014-07-07,M4C,1.19
1246,1608209,2014-07-07,M4K,1.13
1237,1608407,2014-07-07,M9P,0.0863
1238,1608138,2014-07-07,M6H,3.60
1239,1607802,2014-07-07,M4C,<0.0500
1240,1608136,2014-07-07,M6R,8.22
1241,1608402,2014-07-07,M6S,2.45
1242,1608217,2014-07-07,M6S,0.640
1243,1609288,2014-07-07,M4L,3.34
1244,1609296,2014-07-07,M4C,0.503
1245,1609221,2014-07-07,M1L,0.558
1235,1609257,2014-07-07,M4L,4.01
1247,1607711,2014-07-07,M5R,1.74
1211,1608207,2014-07-08,M6A,0.192
1210,1608263,2014-07-08,M5M,0.114
1209,1607804,2014-07-08,M4J,0.597
1212,1608400,2014-07-08,M6G,0.994
1207,1609255,2014-07-08,M4J,<0.0500
1206,1613533,2014-07-08,M4C,3.97
1205,1607777,2014-07-08,M5N,29.9
1208,1609297,2014-07-08,M5P,0.0887
1213,1608403,2014-07-08,M6E,0.141
1216,1609258,2014-07-08,M4C,0.208
1215,1611159,2014-07-08,M4N,0.485
1223,1608376,2014-07-08,M6R,0.153
1222,1613594,2014-07-08,M4J,24.9
1221,1613372,2014-07-08,M5R,0.532
1214,1613582,2014-07-08,M4E,0.188
1219,1608199,2014-07-08,M6P,0.227
1218,1608211,2014-07-08,M6A,0.160
1217,1608225,2014-07-08,M6S,13.4
1220,1613586,2014-07-08,M6C,<0.0500
1193,1611770,2014-07-09,M6R,4.20
1186,1611153,2014-07-09,M4P,7.39
1187,1611749,2014-07-09,M6M,3.06
1188,1609295,2014-07-09,M4E,3.28
1189,1608137,2014-07-09,M4N,3.65
1190,1611834,2014-07-09,M9W,<0.0500
1191,1609317,2014-07-09,M4B,0.0656
1192,1613343,2014-07-09,M6S,1.54
1194,1613510,2014-07-09,M6S,0.141
1195,1611707,2014-07-09,M9R,<0.0500
1196,1609394,2014-07-09,M4J,1.92
1197,1613200,2014-07-09,M4B,0.0829
1198,1611743,2014-07-09,M4J,<0.0500
1199,1611750,2014-07-09,M6G,42.8
1200,1611137,2014-07-09,M2P,0.302
1201,1613296,2014-07-09,M4K,0.260
1202,1609254,2014-07-09,M4C,8.14
1203,1613351,2014-07-09,M6C,0.772
1204,1609244,2014-07-09,M4L,0.0893
1174,1613278,2014-07-10,M4P,0.241
1173,1613199,2014-07-10,M4P,0.139
1172,1613353,2014-07-10,M4K,2.92
1168,1611751,2014-07-10,M6M,0.133
1169,1613509,2014-07-10,M5M,0.190
1175,1611705,2014-07-10,M6R,0.136
1171,1613595,2014-07-10,M4N,0.937
1176,1611107,2014-07-10,M4N,2.63
1170,1611719,2014-07-10,M8Y,<0.0500
1178,1612101,2014-07-10,M1R,0.0587
1179,1611727,2014-07-10,M8X,0.269
1180,1608406,2014-07-10,M4N,1.08
1181,1611752,2014-07-10,M6P,0.0708
1182,1612091,2014-07-10,M1R,0.263
1183,1613130,2014-07-10,M4K,2.20
1184,1613589,2014-07-10,M6E,0.399
1185,1611886,2014-07-10,M6G,3.33
1177,1611900,2014-07-10,M1R,0.0908
1154,1611081,2014-07-11,M6H,0.399
1155,1613593,2014-07-11,M4V,3.12
1156,1613491,2014-07-11,M4S,0.0574
1157,1609246,2014-07-11,M4J,38.7
1158,1611136,2014-07-11,M6C,<0.0500
1159,1612082,2014-07-11,M1L,<0.0500
1163,1613584,2014-07-11,M1N,0.0656
1161,1613377,2014-07-11,M6G,0.101
1162,1613518,2014-07-11,M6J,4.31
1164,1611771,2014-07-11,M5P,0.0994
1165,1613272,2014-07-11,M4B,<0.0500
1166,1611757,2014-07-11,M9A,<0.0500
1167,1609269,2014-07-11,M4B,<0.0500
1160,1611138,2014-07-11,M5M,0.0890
1149,1613352,2014-07-13,M6G,0.123
1150,1611152,2014-07-13,M2M,<0.0500
1152,1611747,2014-07-13,M6S,11.7
1153,1613598,2014-07-13,M4L,<0.0500
1151,1613599,2014-07-13,M4J,2.28
1130,1613591,2014-07-14,M5A,0.378
1131,1614452,2014-07-14,M5P,0.707
1132,1613219,2014-07-14,M1L,1.04
1133,1613241,2014-07-14,M4J,<0.0500
1134,1613581,2014-07-14,M6G,0.619
1135,1613238,2014-07-14,M4L,0.0533
1136,1613519,2014-07-14,M6G,1.28
1137,1613203,2014-07-14,M4C,1.68
1138,1613250,2014-07-14,M4C,5.05
1139,1613588,2014-07-14,M6J,3.76
1141,1613259,2014-07-14,M1N,3.61
1142,1613590,2014-07-14,M5P,0.401
1143,1611884,2014-07-14,M6J,11.2
1144,1611756,2014-07-14,M6H,0.395
1145,1618012,2014-07-14,M5M,0.102
1146,1645080,2014-07-14,M4C,<0.0500
1147,1611780,2014-07-14,M8Z,0.357
1148,1613583,2014-07-14,M6C,0.106
1129,1613597,2014-07-14,M6G,0.162
1128,1611902,2014-07-14,M5M,<0.0500
1140,1613264,2014-07-14,M4J,1.29
1115,1610981,2014-07-15,M5N,<0.0500
1116,1610982,2014-07-15,M5N,0.298
1119,1615008,2014-07-15,M6R,0.214
1114,1613246,2014-07-15,M4G,8.94
1113,1613133,2014-07-15,M4C,0.0962
1112,1611706,2014-07-15,M6E,2.78
1111,1611921,2014-07-15,M5M,0.598
1110,1611739,2014-07-15,M6N,3.53
1109,1611888,2014-07-15,M1T,0.112
1108,1611133,2014-07-15,M4N,0.262
1107,1613207,2014-07-15,M4C,1.52
1106,1613255,2014-07-15,M4K,1.36
1105,1615004,2014-07-15,M6M,<0.0500
1117,1610983,2014-07-15,M5N,0.229
1104,1615012,2014-07-15,M4L,1.16
1121,1611720,2014-07-15,M6R,4.45
1122,1615047,2014-07-15,M5R,0.0624
1123,1611860,2014-07-15,M4N,<0.0500
1124,1614471,2014-07-15,M3H,<0.0500
1125,1613320,2014-07-15,M1P,0.199
1126,1615115,2014-07-15,M9N,<0.0500
1127,1613132,2014-07-15,M4C,1.24
1120,1613233,2014-07-15,M4K,0.0558
1118,1610984,2014-07-15,M5N,10.3
1088,1615177,2014-07-16,M9A,0.0588
1087,1615034,2014-07-16,M6R,0.168
1086,1615200,2014-07-16,M6P,2.97
1085,1613587,2014-07-16,M5M,2.19
1089,1613596,2014-07-16,M6S,0.0829
1090,1614464,2014-07-16,M3H,<0.0500
1103,1611897,2014-07-16,M9N,0.793
1091,1611731,2014-07-16,M6N,<0.0500
1092,1611838,2014-07-16,M4N,0.0941
1094,1611858,2014-07-16,M4N,0.114
1095,1613516,2014-07-16,M5A,1.49
1096,1614442,2014-07-16,M4G,0.169
1093,1611892,2014-07-16,M6B,0.0590
1098,1613287,2014-07-16,M4G,0.753
1099,1613131,2014-07-16,M4G,0.102
1100,1613187,2014-07-16,M4G,9.83
1101,1618083,2014-07-16,M6R,4.23
1102,1615009,2014-07-16,M5V,0.0643
1097,1612095,2014-07-16,M3H,0.0544
1073,1615040,2014-07-17,M6R,0.0683
1067,1613215,2014-07-17,M4C,0.128
1068,1615010,2014-07-17,M6R,3.13
1069,1613326,2014-07-17,M4R,1.29
1070,1615019,2014-07-17,M6H,0.315
1071,1615954,2014-07-17,M4K,7.37
1072,1615007,2014-07-17,M4C,0.545
1075,1615127,2014-07-17,M6M,0.0601
1074,1613286,2014-07-17,M4J,2.44
1084,1614411,2014-07-17,M5M,1.40
1077,1613288,2014-07-17,M4B,<0.0500
1078,1613600,2014-07-17,M6J,0.654
1079,1615037,2014-07-17,M6S,0.779
1080,1615199,2014-07-17,M6S,2.94
1081,1615099,2014-07-17,M4W,1.06
1082,1615100,2014-07-17,M6R,2.03
1083,1615110,2014-07-17,M6S,0.541
1076,1611885,2014-07-17,M6R,0.0798
1054,1615036,2014-07-18,M8Z,0.306
1055,1614473,2014-07-18,M2J,0.124
1056,1615083,2014-07-18,M9B,<0.0500
1057,1614553,2014-07-18,M4C,0.176
1059,1615950,2014-07-18,M4L,1.10
1058,1615163,2014-07-18,M8V,0.102
1061,1619374,2014-07-18,M9B,0.750
1062,1615070,2014-07-18,M6S,15.3
1064,1615198,2014-07-18,M6P,<0.0500
1065,1615946,2014-07-18,M4C,0.139
1066,1615002,2014-07-18,M6G,<0.0500
1060,1614524,2014-07-18,M4R,1.92
1063,1614525,2014-07-18,M4R,1.61
1050,1615953,2014-07-20,M4C,0.867
1051,1614469,2014-07-20,M4V,<0.0500
1053,1615176,2014-07-20,M6H,3.35
1052,1614412,2014-07-20,M4J,2.66
1034,1614410,2014-07-21,M6G,4.43
1039,1618319,2014-07-21,M6J,0.671
1035,1614427,2014-07-21,M4N,0.169
1036,1614413,2014-07-21,M4N,<0.0500
1037,1614414,2014-07-21,M1N,0.127
1038,1615947,2014-07-21,M4M,1.18
1040,1615948,2014-07-21,M1N,0.0572
1048,1615174,2014-07-21,M6S,5.09
1042,1615039,2014-07-21,M6H,0.341
1043,1614453,2014-07-21,M5R,0.149
1044,1614531,2014-07-21,M6G,0.184
1045,1615038,2014-07-21,M6P,28.9
1046,1619323,2014-07-21,M4J,0.0736
1047,1614552,2014-07-21,M6S,0.502
1049,1615944,2014-07-21,M4L,0.800
1041,1613526,2014-07-21,M6H,21.3
1015,1614472,2014-07-22,M6E,0.608
1018,1615022,2014-07-22,M6J,0.930
1017,1615942,2014-07-22,M4J,0.0563
1016,1620665,2014-07-22,M4N,0.133
1014,1620664,2014-07-22,M5M,8.29
1019,1615178,2014-07-22,M9A,0.260
1012,1614428,2014-07-22,M5M,3.04
1011,1615035,2014-07-22,M6J,7.61
1010,1614491,2014-07-22,M4C,2.85
1009,1619411,2014-07-22,M6M,1.48
1013,1614527,2014-07-22,M4E,3.65
1020,1615945,2014-07-22,M4K,0.138
1008,1615951,2014-07-22,M4L,0.358
1022,1617996,2014-07-22,M4J,3.75
1023,1615941,2014-07-22,M4G,12.2
1024,1615952,2014-07-22,M4C,0.0610
1025,1620658,2014-07-22,M5M,1.72
1026,1615175,2014-07-22,M6R,7.60
1027,1620697,2014-07-22,M4P,13.2
1028,1618302,2014-07-22,M6J,0.136
1029,1620672,2014-07-22,M4N,0.511
1030,1618353,2014-07-22,M8Y,0.105
1031,1620694,2014-07-22,M5M,0.0699
1032,1620698,2014-07-22,M5N,<0.0500
1033,1618305,2014-07-22,M4N,<0.0500
1021,1615048,2014-07-22,M6R,0.0606
1000,1619325,2014-07-23,M4J,0.158
1001,1618037,2014-07-23,M4C,22.3
1002,1614439,2014-07-23,M4P,6.19
1007,1619410,2014-07-23,M5M,0.262
1004,1615949,2014-07-23,M4C,0.0880
1005,1619420,2014-07-23,M6R,0.858
1006,1620701,2014-07-23,M4N,<0.0500
1003,1617907,2014-07-23,M4J,0.850
991,1619301,2014-07-24,M4L,2.83
988,1615011,2014-07-24,M8Z,0.0998
989,1615938,2014-07-24,M4J,0.237
990,1617877,2014-07-24,M4J,0.318
992,1615943,2014-07-24,M4J,0.0838
987,1618308,2014-07-24,M6G,25.9
994,1618374,2014-07-24,M6G,0.0945
995,1615169,2014-07-24,M9R,<0.0500
996,1618093,2014-07-24,M4M,0.699
997,1619341,2014-07-24,M4G,0.0847
998,1618350,2014-07-24,M6K,3.64
999,1619338,2014-07-24,M4M,13.0
993,1619376,2014-07-24,M6H,0.411
969,1615932,2014-07-25,M4C,2.55
970,1621275,2014-07-25,M5T,0.0754
971,1618346,2014-07-25,M6G,1.24
972,1619365,2014-07-25,M4J,0.254
974,1619354,2014-07-25,M1M,0.139
975,1618352,2014-07-25,M6E,6.13
976,1618304,2014-07-25,M5S,0.420
977,1619339,2014-07-25,M4C,2.33
973,1618300,2014-07-25,M6C,2.60
979,1620693,2014-07-25,M4N,1.21
980,1618348,2014-07-25,M6G,0.0579
981,1619324,2014-07-25,M4J,0.0696
982,1618029,2014-07-25,M6K,<0.0500
983,1618378,2014-07-25,M9B,<0.0500
984,1619317,2014-07-25,M4L,0.764
985,1618317,2014-07-25,M6E,8.89
986,1618303,2014-07-25,M6K,8.60
978,1619454,2014-07-25,M4X,1.64
968,1620695,2014-07-26,M6H,0.213
963,1619337,2014-07-27,M4C,0.0726
964,1618038,2014-07-27,M4K,0.140
965,1618372,2014-07-27,M8Y,0.0671
967,1618299,2014-07-27,M4J,0.156
966,1622183,2014-07-27,M4L,0.436
945,1617930,2014-07-28,M4K,0.258
946,1618310,2014-07-28,M4J,0.403
947,1619342,2014-07-28,M4E,2.99
948,1620656,2014-07-28,M5M,<0.0500
949,1619403,2014-07-28,M6R,3.68
950,1619351,2014-07-28,M6S,0.0747
951,1618347,2014-07-28,M1K,0.101
952,1618349,2014-07-28,M6P,<0.0500
955,1618377,2014-07-28,M4S,2.67
954,1620650,2014-07-28,M5M,0.0600
956,1619425,2014-07-28,M9A,0.226
957,1621256,2014-07-28,M9A,0.145
958,1619450,2014-07-28,M8X,0.175
959,1619344,2014-07-28,M4E,0.147
960,1620668,2014-07-28,M4N,4.47
961,1618309,2014-07-28,M4N,0.0686
962,1618089,2014-07-28,M4S,0.0837
953,1619400,2014-07-28,M6E,6.76
930,1618306,2014-07-29,M6H,4.34
929,1618371,2014-07-29,M6G,0.520
928,1621351,2014-07-29,M5R,0.469
927,1621328,2014-07-29,M6B,0.0695
922,1620652,2014-07-29,M6H,0.808
925,1621343,2014-07-29,M6H,<0.0500
924,1619447,2014-07-29,M6S,0.0993
923,1620692,2014-07-29,M2P,1.40
931,1620699,2014-07-29,M6L,0.0537
926,1618007,2014-07-29,M6K,3.90
932,1621271,2014-07-29,M4N,0.187
921,1618369,2014-07-29,M9N,<0.0500
934,1618001,2014-07-29,M4M,<0.0500
933,1619343,2014-07-29,M6S,4.59
944,1618400,2014-07-29,M1M,<0.0500
943,1619375,2014-07-29,M9N,0.0751
941,1619417,2014-07-29,M6E,0.292
940,1621342,2014-07-29,M4J,3.19
942,1621323,2014-07-29,M4S,0.0620
938,1618307,2014-07-29,M9P,<0.0500
937,1617929,2014-07-29,M4K,0.210
936,1621313,2014-07-29,M4T,0.0888
935,1621309,2014-07-29,M4T,0.325
939,1618301,2014-07-29,M6J,2.67
912,1621190,2014-07-30,M8W,5.30
908,1621234,2014-07-30,M6S,1.05
909,1620700,2014-07-30,M6L,<0.0500
910,1619322,2014-07-30,M4K,0.0860
913,1621222,2014-07-30,M5R,0.931
911,1620726,2014-07-30,M6L,0.180
915,1622182,2014-07-30,M4B,0.159
916,1619321,2014-07-30,M4B,<0.0500
917,1621334,2014-07-30,M6R,0.108
918,1619340,2014-07-30,M4G,8.61
919,1621246,2014-07-30,M6E,0.134
920,1621331,2014-07-30,M6G,1.63
914,1622179,2014-07-30,M4J,1.13
897,1619332,2014-07-31,M4L,0.103
898,1621133,2014-07-31,M6E,0.184
899,1621350,2014-07-31,M1E,0.0645
900,1618351,2014-07-31,M1T,0.509
901,1621272,2014-07-31,M9R,<0.0500
902,1621338,2014-07-31,M6A,0.0509
904,1618354,2014-07-31,M6H,1.44
905,1621273,2014-07-31,M6S,0.212
906,1621270,2014-07-31,M2P,0.153
907,1621336,2014-07-31,M6G,0.988
903,1621337,2014-07-31,M4X,2.33
884,1621233,2014-08-01,M4E,0.364
885,1620662,2014-08-01,M4N,0.127
886,1621230,2014-08-01,M9P,0.0817
887,1621330,2014-08-01,M4S,4.51
888,1622113,2014-08-01,M4K,0.0538
889,1622173,2014-08-01,M4J,0.963
892,1620669,2014-08-01,M4N,0.460
891,1621204,2014-08-01,M6G,0.266
896,1622117,2014-08-01,M4C,1.14
895,1621320,2014-08-01,M6P,<0.0500
890,1621329,2014-08-01,M6C,0.381
893,1622116,2014-08-01,M4J,8.97
894,1622118,2014-08-01,M4L,0.586
883,1636194,2014-08-02,M6C,3.56
882,1621215,2014-08-02,M8Y,0.124
881,1622135,2014-08-04,M4B,<0.0500
867,1621335,2014-08-05,M4R,2.66
868,1622346,2014-08-05,M4E,0.0753
869,1626240,2014-08-05,M6S,6.35
870,1621314,2014-08-05,M6N,1.29
871,1621212,2014-08-05,M6R,<0.0500
873,1626912,2014-08-05,M4N,<0.0500
872,1622115,2014-08-05,M4C,1.11
875,1622114,2014-08-05,M4M,3.12
876,1621341,2014-08-05,M6S,0.0846
877,1626254,2014-08-05,M6S,6.51
878,1621223,2014-08-05,M6S,0.0848
879,1622177,2014-08-05,M4C,0.0758
880,1626173,2014-08-05,M6S,0.335
874,1622176,2014-08-05,M4J,<0.0500
857,1624597,2014-08-06,M2K,<0.0500
852,1628368,2014-08-06,M4K,4.71
853,1622181,2014-08-06,M4L,0.137
854,1624591,2014-08-06,M6S,0.195
855,1622178,2014-08-06,M4J,0.441
851,1621152,2014-08-06,M6M,0.0561
856,1624596,2014-08-06,M6S,1.69
858,1627041,2014-08-06,M3B,0.101
862,1626272,2014-08-06,M4K,1.13
860,1627018,2014-08-06,M1L,0.0973
859,1624594,2014-08-06,M4B,0.418
866,1622184,2014-08-06,M4B,3.95
865,1626230,2014-08-06,M6E,12.4
864,1624598,2014-08-06,M6S,0.0779
863,1622180,2014-08-06,M4J,0.915
861,1626263,2014-08-06,M6C,1.36
848,1626262,2014-08-07,M6P,<0.0500
847,1627311,2014-08-07,M4K,0.320
846,1626194,2014-08-07,M6J,0.527
844,1624592,2014-08-07,M4R,3.62
843,1624584,2014-08-07,M4R,9.46
842,1626416,2014-08-07,M6K,0.255
841,1627020,2014-08-07,M4N,3.25
840,1626271,2014-08-07,M8W,0.560
839,1627021,2014-08-07,M4L,1.62
838,1626910,2014-08-07,M6G,0.673
837,1626175,2014-08-07,M6S,3.20
845,1624593,2014-08-07,M4S,2.57
850,1625461,2014-08-07,M5S,0.0582
849,1627061,2014-08-07,M4E,0.439
826,1625476,2014-08-08,M6R,1.23
825,1626987,2014-08-08,M6M,0.107
827,1627042,2014-08-08,M4J,0.713
828,1627016,2014-08-08,M1P,<0.0500
830,1624590,2014-08-08,M5M,2.25
831,1626980,2014-08-08,M6C,1.10
829,1625471,2014-08-08,M6P,0.347
833,1626961,2014-08-08,M8V,0.216
834,1627249,2014-08-08,M4E,3.48
835,1626417,2014-08-08,M6E,2.13
836,1626419,2014-08-08,M4M,4.18
832,1626332,2014-08-08,M4K,0.0520
824,1632119,2014-08-09,M4M,0.505
820,1626925,2014-08-10,M4M,1.35
823,1624580,2014-08-10,M2J,0.0761
822,1626277,2014-08-10,M6S,1.19
821,1627017,2014-08-10,M4K,6.62
810,1627288,2014-08-11,M4J,1.20
809,1626939,2014-08-11,M9W,0.0627
808,1627007,2014-08-11,M2N,0.0648
806,1626966,2014-08-11,M5N,<0.0500
811,1627319,2014-08-11,M4X,<0.0500
807,1625480,2014-08-11,M6R,<0.0500
812,1627029,2014-08-11,M4S,6.33
818,1626418,2014-08-11,M6G,0.540
814,1627225,2014-08-11,M4J,2.30
815,1627257,2014-08-11,M4C,8.31
816,1627019,2014-08-11,M4G,0.771
817,1626444,2014-08-11,M6N,0.167
819,1627240,2014-08-11,M4E,0.803
813,1627043,2014-08-11,M4C,<0.0500
786,1627325,2014-08-12,M4C,0.164
795,1627022,2014-08-12,M6K,16.3
788,1627064,2014-08-12,M4M,0.992
789,1626319,2014-08-12,M6N,1.65
790,1628469,2014-08-12,M4S,0.263
791,1626267,2014-08-12,M6P,2.17
792,1628464,2014-08-12,M5M,0.145
793,1627037,2014-08-12,M9A,0.370
794,1627044,2014-08-12,M4J,5.04
796,1625465,2014-08-12,M6P,1.56
787,1626914,2014-08-12,M4L,3.59
798,1628459,2014-08-12,M5M,2.16
799,1626261,2014-08-12,M6S,0.255
800,1627062,2014-08-12,M4C,2.32
801,1626310,2014-08-12,M4M,1.98
802,1627046,2014-08-12,M4J,0.0642
803,1632968,2014-08-12,M1M,<0.0500
804,1628965,2014-08-12,M6E,0.409
805,1627040,2014-08-12,M4S,5.52
797,1626174,2014-08-12,M6H,0.0858
773,1628986,2014-08-13,M6S,5.65
772,1628887,2014-08-13,M6P,0.135
764,1627329,2014-08-13,M4C,0.0950
765,1628437,2014-08-13,M4N,0.149
774,1628467,2014-08-13,M5M,0.0551
767,1628304,2014-08-13,M5R,0.144
768,1628466,2014-08-13,M6S,<0.0500
769,1626913,2014-08-13,M4L,4.66
766,1628922,2014-08-13,M6K,0.172
775,1628984,2014-08-13,M6E,4.63
771,1627039,2014-08-13,M4N,4.95
777,1626266,2014-08-13,M4R,2.89
778,1627078,2014-08-13,M4C,0.310
779,1626312,2014-08-13,M6G,0.936
770,1630053,2014-08-13,M4L,6.92
785,1628924,2014-08-13,M8V,0.223
784,1628894,2014-08-13,M6S,4.58
783,1632900,2014-08-13,M1B,0.337
782,1628966,2014-08-13,M8V,<0.0500
781,1628485,2014-08-13,M4P,0.107
776,1627045,2014-08-13,M4J,0.229
780,1628915,2014-08-13,M6R,5.12
754,1630075,2014-08-14,M4J,4.64
755,1629915,2014-08-14,M4J,<0.0500
756,1628920,2014-08-14,M6R,9.74
757,1632896,2014-08-14,M1M,3.16
762,1630322,2014-08-14,M4E,3.24
760,1628903,2014-08-14,M6P,1.38
761,1630061,2014-08-14,M4J,0.502
763,1628868,2014-08-14,M5S,<0.0500
758,1629910,2014-08-14,M4C,0.101
753,1629924,2014-08-14,M4C,<0.0500
751,1628370,2014-08-14,M6G,0.131
750,1632912,2014-08-14,M1N,0.0532
752,1628301,2014-08-14,M6N,2.05
759,1630043,2014-08-14,M4G,8.26
747,1630077,2014-08-15,M4L,<0.0500
746,1629898,2014-08-15,M5M,11.8
745,1628421,2014-08-15,M2R,0.449
744,1628858,2014-08-15,M8V,0.602
743,1630044,2014-08-15,M4K,0.0696
749,1630060,2014-08-15,M4E,<0.0500
741,1628406,2014-08-15,M5M,0.252
740,1628923,2014-08-15,M8Y,0.0625
739,1628953,2014-08-15,M8V,0.148
738,1628325,2014-08-15,M6G,1.22
737,1628465,2014-08-15,M4J,0.165
748,1628303,2014-08-15,M4E,3.42
742,1628423,2014-08-15,M4P,0.0998
736,1628300,2014-08-16,M6H,<0.0500
735,1632000,2014-08-16,M6S,<0.0500
733,1628302,2014-08-17,M4J,0.725
734,1633042,2014-08-17,M4L,0.904
732,1628857,2014-08-17,M8X,<0.0500
731,1628468,2014-08-17,M2R,0.0871
730,1628369,2014-08-17,M6S,3.29
729,1630048,2014-08-17,M1N,1.95
728,1628321,2014-08-17,M4S,28.1
727,1632905,2014-08-17,M6J,3.26
717,1632616,2014-08-18,M6R,0.135
718,1628460,2014-08-18,M2N,0.160
719,1626992,2014-08-18,M4K,1.09
720,1627278,2014-08-18,M4G,0.247
721,1629918,2014-08-18,M4J,<0.0500
716,1630051,2014-08-18,M1L,<0.0500
723,1628436,2014-08-18,M5P,1.03
724,1632041,2014-08-18,M6A,0.611
725,1630052,2014-08-18,M1E,0.294
726,1629927,2014-08-18,M4L,0.579
722,1628461,2014-08-18,M6P,1.36
703,1632127,2014-08-19,M5R,1.07
704,1632064,2014-08-19,M4K,<0.0500
705,1628946,2014-08-19,M6N,2.53
706,1628395,2014-08-19,M4X,0.833
707,1632042,2014-08-19,M4P,9.15
708,1628918,2014-08-19,M6H,11.2
709,1632062,2014-08-19,M5B,0.395
711,1629928,2014-08-19,M4B,0.0530
712,1632006,2014-08-19,M6L,0.0804
713,1632056,2014-08-19,M6C,2.44
714,1629911,2014-08-19,M4C,2.98
715,1628324,2014-08-19,M4K,1.02
710,1632098,2014-08-19,M3H,<0.0500
694,1636196,2014-08-20,M1N,0.910
689,1631987,2014-08-20,M4E,0.947
690,1631989,2014-08-20,M6G,1.08
691,1631996,2014-08-20,M6G,0.0971
692,1632083,2014-08-20,M4R,0.206
693,1628397,2014-08-20,M1L,0.180
695,1628458,2014-08-20,M4R,<0.0500
696,1628972,2014-08-20,M9B,0.0965
697,1632124,2014-08-20,M6B,0.652
698,1628989,2014-08-20,M6S,0.175
699,1632624,2014-08-20,M6R,0.0718
700,1632005,2014-08-20,M5M,0.107
701,1631988,2014-08-20,M6E,0.265
702,1630076,2014-08-20,M4R,0.0646
682,1632901,2014-08-21,M1R,<0.0500
683,1632065,2014-08-21,M5R,0.739
684,1632088,2014-08-21,M5M,8.27
685,1632063,2014-08-21,M6H,0.141
686,1633041,2014-08-21,M1R,<0.0500
687,1631991,2014-08-21,M4G,0.0923
688,1633592,2014-08-21,M4C,3.94
670,1632615,2014-08-22,M8Y,<0.0500
671,1632044,2014-08-22,M5R,0.0728
672,1632923,2014-08-22,M1P,0.0700
673,1632595,2014-08-22,M5N,<0.0500
674,1632614,2014-08-22,M6N,1.01
675,1634609,2014-08-22,M5M,<0.0500
676,1633605,2014-08-22,M4J,1.22
677,1633597,2014-08-22,M1N,0.541
678,1633595,2014-08-22,M4J,1.20
679,1633571,2014-08-22,M4J,1.62
680,1633606,2014-08-22,M4J,<0.0500
681,1633572,2014-08-22,M4J,4.84
669,1645177,2014-08-23,M8Y,0.136
665,1633598,2014-08-24,M4L,3.71
664,1636197,2014-08-24,M6P,0.317
663,1632040,2014-08-24,M6S,66.3
668,1634602,2014-08-24,M6E,16.6
667,1632618,2014-08-24,M6N,0.572
666,1636222,2014-08-24,M4C,5.35
661,1636267,2014-08-25,M4K,0.205
660,1632620,2014-08-25,M9A,0.330
659,1633586,2014-08-25,M4J,1.99
658,1633564,2014-08-25,M1G,2.45
657,1635166,2014-08-25,M6S,7.31
656,1632623,2014-08-25,M8Z,<0.0500
662,1632619,2014-08-25,M6R,1.24
648,1633594,2014-08-26,M4J,1.83
654,1632617,2014-08-26,M9C,0.0851
653,1634605,2014-08-26,M4N,0.164
652,1636201,2014-08-26,M5S,0.425
651,1633596,2014-08-26,M4C,0.0912
650,1636218,2014-08-26,M5M,0.117
649,1632043,2014-08-26,M6N,<0.0500
655,1633593,2014-08-26,M4L,0.782
647,1633607,2014-08-26,M4K,6.73
646,1631986,2014-08-26,M4M,0.0542
632,1636257,2014-08-27,M4E,1.89
633,1635109,2014-08-27,M9W,0.849
634,1635145,2014-08-27,M6P,0.557
635,1634617,2014-08-27,M5N,0.0957
636,1635129,2014-08-27,M6G,0.341
638,1636209,2014-08-27,M6G,3.43
637,1635110,2014-08-27,M6R,0.496
640,1636298,2014-08-27,M5R,3.30
641,1634624,2014-08-27,M4N,2.46
642,1636296,2014-08-27,M4G,0.143
643,1633608,2014-08-27,M4K,2.48
644,1635167,2014-08-27,M6S,0.248
645,1636266,2014-08-27,M4E,0.287
639,1633563,2014-08-27,M4J,0.153
625,1635165,2014-08-28,M6H,0.952
626,1635172,2014-08-28,M6P,<0.0500
627,1636199,2014-08-28,M4B,<0.0500
629,1636258,2014-08-28,M1N,<0.0500
630,1636271,2014-08-28,M4C,2.34
631,1635163,2014-08-28,M6P,0.431
628,1632918,2014-08-28,M1K,<0.0500
616,1636269,2014-08-29,M4L,0.196
612,1635144,2014-08-29,M1K,0.301
613,1635149,2014-08-29,M6N,4.47
614,1635161,2014-08-29,M6K,1.35
615,1636195,2014-08-29,M9N,0.121
618,1636208,2014-08-29,M4C,0.184
617,1635164,2014-08-29,M6S,2.70
620,1636213,2014-08-29,M4J,2.14
621,1636198,2014-08-29,M3B,<0.0500
622,1636270,2014-08-29,M6J,14.3
623,1636216,2014-08-29,M4L,1.85
624,1633573,2014-08-29,M4M,0.135
619,1636215,2014-08-29,M4J,2.83
611,1636217,2014-08-30,M4C,4.18
610,1637956,2014-08-30,M8X,<0.0500
606,1646574,2014-09-01,M4E,0.423
609,1636293,2014-09-01,M4M,3.82
608,1638224,2014-09-01,M6S,0.254
607,1638040,2014-09-01,M2H,<0.0500
605,1635146,2014-09-01,M6P,0.441
599,1635147,2014-09-02,M6P,0.0530
600,1639253,2014-09-02,M4E,3.10
601,1636200,2014-09-02,M4P,0.112
603,1639190,2014-09-02,M4M,0.0713
604,1635148,2014-09-02,M4W,<0.0500
602,1638209,2014-09-02,M6J,2.00
588,1636214,2014-09-03,M4N,5.95
591,1639341,2014-09-03,M6N,4.26
589,1638564,2014-09-03,M9B,0.0524
590,1636273,2014-09-03,M4E,2.06
592,1636275,2014-09-03,M1G,0.309
598,1636284,2014-09-03,M4J,<0.0500
594,1638556,2014-09-03,M6K,2.78
595,1638552,2014-09-03,M5R,0.711
596,1638562,2014-09-03,M6P,0.0829
597,1639353,2014-09-03,M6H,0.466
593,1638563,2014-09-03,M6H,0.878
573,1635162,2014-09-04,M9A,0.108
574,1636219,2014-09-04,M4G,0.228
572,1637992,2014-09-04,M4L,4.74
576,1638545,2014-09-04,M5P,4.90
570,1638010,2014-09-04,M4N,1.80
569,1638044,2014-09-04,m2l,<0.0500
568,1639273,2014-09-04,M4S,8.93
571,1637983,2014-09-04,M4E,1.51
577,1636272,2014-09-04,M4C,1.12
575,1639181,2014-09-04,M1N,1.17
579,1639228,2014-09-04,M4K,8.57
580,1639172,2014-09-04,M4T,11.2
578,1637950,2014-09-04,M2N,0.138
581,1636268,2014-09-04,M3C,1.34
582,1639202,2014-09-04,M4B,<0.0500
583,1639173,2014-09-04,M4K,1.49
584,1638218,2014-09-04,M4L,5.69
585,1639182,2014-09-04,M4T,0.291
586,1639338,2014-09-04,M6C,0.186
587,1636221,2014-09-04,M6E,3.87
558,1637913,2014-09-05,M6K,0.111
559,1636282,2014-09-05,M4M,0.0991
561,1636220,2014-09-05,M6H,<0.0500
562,1639166,2014-09-05,M4C,0.934
560,1639167,2014-09-05,M4L,0.899
564,1637991,2014-09-05,M3H,0.483
565,1638055,2014-09-05,M4N,0.0729
566,1638015,2014-09-05,M5A,0.135
567,1639304,2014-09-05,M6S,6.00
563,1637955,2014-09-05,M6S,2.67
557,1639198,2014-09-06,M4K,0.101
556,1638561,2014-09-06,M6R,0.113
548,1637892,2014-09-07,M5P,3.14
549,1638020,2014-09-07,M6C,<0.0500
550,1637934,2014-09-07,M6C,<0.0500
551,1637989,2014-09-07,M6R,3.19
553,1637953,2014-09-07,M5N,<0.0500
554,1648686,2014-09-07,M6P,3.27
555,1637888,2014-09-07,M5R,0.0701
552,1637984,2014-09-07,M6K,59.9
541,1638036,2014-09-08,M5A,13.8
538,1639366,2014-09-08,M6S,<0.0500
539,1637935,2014-09-08,M3B,0.0657
540,1639237,2014-09-08,M4S,<0.0500
542,1638048,2014-09-08,M4G,0.163
537,1637930,2014-09-08,M4G,0.0516
544,1641206,2014-09-08,M6C,0.0770
545,1641944,2014-09-08,M6G,0.0856
546,1639244,2014-09-08,M4L,2.62
547,1638572,2014-09-08,M5R,0.473
543,1638565,2014-09-08,M6G,0.186
529,1639252,2014-09-09,M3B,0.281
530,1641889,2014-09-09,M3H,0.471
531,1642805,2014-09-09,M1N,0.449
532,1637981,2014-09-09,M4L,0.151
533,1638560,2014-09-09,M6C,0.113
534,1642612,2014-09-09,M5M,3.69
535,1642628,2014-09-09,M6G,2.05
536,1642803,2014-09-09,M4B,0.131
520,1639168,2014-09-10,M4P,0.108
521,1662812,2014-09-10,M5R,<0.0500
522,1641904,2014-09-10,M4K,0.985
523,1641193,2014-09-10,M5S,<0.0500
528,1639254,2014-09-10,M4G,10.3
525,1642808,2014-09-10,M6P,0.241
526,1642810,2014-09-10,M4S,0.446
527,1642616,2014-09-10,M6C,1.13
524,1642630,2014-09-10,M6P,0.247
511,1642620,2014-09-11,M8Z,0.101
507,1642607,2014-09-11,M4B,0.142
508,1641191,2014-09-11,M4P,2.00
509,1641322,2014-09-11,M4K,0.217
510,1642643,2014-09-11,M9C,<0.0500
512,1642582,2014-09-11,M9M,0.0676
519,1642790,2014-09-11,M6R,0.0901
514,1641898,2014-09-11,M5M,0.685
515,1642800,2014-09-11,M1M,0.145
516,1638542,2014-09-11,M5R,0.171
517,1642652,2014-09-11,M4L,<0.0500
518,1642651,2014-09-11,M6P,2.13
513,1642644,2014-09-11,M1T,<0.0500
498,1641309,2014-09-12,M4L,13.2
499,1641909,2014-09-12,M4L,1.29
500,1642617,2014-09-12,M5P,0.0547
501,1639243,2014-09-12,M4E,1.88
504,1641212,2014-09-12,M5M,7.00
503,1641205,2014-09-12,M4N,<0.0500
505,1642645,2014-09-12,M4A,0.0733
506,1642615,2014-09-12,M5P,<0.0500
497,1639186,2014-09-12,M1N,1.73
502,1641189,2014-09-12,M4N,0.113
496,1642614,2014-09-12,M6E,1.39
493,1641298,2014-09-12,M4R,2.09
494,1642811,2014-09-12,M4K,1.10
495,1642642,2014-09-12,M6R,0.616
492,1641937,2014-09-14,M4N,<0.0500
491,1642622,2014-09-14,M5P,0.217
490,1641919,2014-09-14,M4R,0.133
489,1641250,2014-09-14,M4B,0.0656
488,1641940,2014-09-14,M6G,2.42
487,1642654,2014-09-14,M4C,1.58
477,1645505,2014-09-15,M5P,0.0669
478,1645104,2014-09-15,M4R,<0.0500
479,1641932,2014-09-15,M5N,3.51
480,1641950,2014-09-15,M5M,2.13
481,1642802,2014-09-15,M4K,0.862
483,1641923,2014-09-15,M4G,0.0515
484,1642583,2014-09-15,M6J,10.3
485,1642640,2014-09-15,M5N,0.267
486,1644482,2014-09-15,M4T,0.112
482,1642804,2014-09-15,M4L,3.92
470,1642807,2014-09-16,M1R,<0.0500
468,1640529,2014-09-16,M1X,0.0919
469,1642801,2014-09-16,M4K,0.176
471,1642641,2014-09-16,M4E,0.449
474,1642809,2014-09-16,M4L,0.541
473,1644440,2014-09-16,M6H,1.57
472,1645127,2014-09-16,M4N,2.82
476,1644457,2014-09-16,M4V,0.513
475,1644361,2014-09-16,M3H,0.199
467,1645139,2014-09-17,M5M,10.9
466,1642806,2014-09-17,M4L,0.930
465,1644451,2014-09-17,M4T,0.417
464,1645504,2014-09-17,M6E,<0.0500
462,1645500,2014-09-17,M6R,0.0948
461,1645162,2014-09-17,M8Y,0.0745
460,1642649,2014-09-17,M4J,3.82
459,1642646,2014-09-17,M8W,3.98
463,1644409,2014-09-17,M2N,<0.0500
451,1645160,2014-09-18,M9W,0.0768
452,1645156,2014-09-18,M9A,0.0674
453,1644441,2014-09-18,M1N,<0.0500
454,1645502,2014-09-18,M6K,1.54
455,1646556,2014-09-18,M4J,0.137
457,1645073,2014-09-18,M6H,0.557
458,1644359,2014-09-18,M5R,0.108
456,1644443,2014-09-18,M4P,5.23
450,1644453,2014-09-19,M4L,0.154
449,1646576,2014-09-19,M4L,1.59
448,1646501,2014-09-19,M4G,1.33
447,1642653,2014-09-19,M4J,0.696
446,1645507,2014-09-19,M6P,0.0770
445,1645503,2014-09-19,M5R,0.631
444,1645506,2014-09-19,M6H,2.82
443,1644378,2014-09-19,M4N,0.0680
442,1645508,2014-09-19,M6E,0.142
441,1645161,2014-09-20,M6R,18.3
436,1645189,2014-09-22,M8X,0.0848
437,1648697,2014-09-22,M6H,2.38
435,1645501,2014-09-22,M1K,<0.0500
439,1645072,2014-09-22,M4M,1.71
440,1644446,2014-09-22,M4L,0.966
438,1648777,2014-09-22,M8Y,<0.0500
434,1646522,2014-09-23,M4S,29.3
433,1646538,2014-09-23,M4L,1.14
432,1649773,2014-09-23,M4R,9.84
431,1645158,2014-09-23,M9P,0.212
423,1646535,2014-09-24,M4C,0.412
424,1648801,2014-09-24,M8V,51.9
425,1649786,2014-09-24,M4L,2.30
426,1649057,2014-09-24,M6P,0.0797
427,1648547,2014-09-24,M5A,10.9
429,1651386,2014-09-24,M4N,4.64
430,1648696,2014-09-24,M5T,1.13
428,1645142,2014-09-24,M2N,0.221
408,1649776,2014-09-25,M4L,1.82
409,1648765,2014-09-25,M4C,4.70
410,1646572,2014-09-25,M4J,0.290
411,1648687,2014-09-25,M4K,0.167
412,1652855,2014-09-25,M1N,3.53
413,1649805,2014-09-25,M4S,18.9
414,1649766,2014-09-25,M6K,0.105
417,1649153,2014-09-25,M6N,0.159
416,1649804,2014-09-25,M5N,0.223
422,1648560,2014-09-25,M4M,0.0846
421,1648736,2014-09-25,M1K,0.104
415,1649158,2014-09-25,M6K,0.468
419,1648684,2014-09-25,M6H,0.152
418,1648521,2014-09-25,M6P,0.615
420,1646533,2014-09-25,M4C,1.77
407,1649820,2014-09-26,M5R,0.244
406,1651993,2014-09-26,M1G,0.180
405,1648685,2014-09-26,M6E,1.87
404,1648781,2014-09-26,M5M,0.0729
403,1649788,2014-09-26,M6H,2.19
402,1652889,2014-09-28,M1M,<0.0500
401,1648776,2014-09-28,M6B,0.0958
400,1648688,2014-09-28,M4N,1.63
390,1648775,2014-09-29,M2N,0.152
391,1649802,2014-09-29,M1L,0.132
392,1648698,2014-09-29,M4K,0.729
393,1651435,2014-09-29,M6E,2.36
394,1651378,2014-09-29,M4N,2.43
395,1649043,2014-09-29,M6P,<0.0500
398,1651382,2014-09-29,M5R,4.92
399,1652063,2014-09-29,M1K,0.0656
396,1649789,2014-09-29,M4L,1.76
397,1649065,2014-09-29,M6P,0.207
389,1649765,2014-09-30,M9C,0.270
388,1652026,2014-09-30,M6P,0.766
387,1651379,2014-09-30,M4M,1.14
386,1651368,2014-09-30,M3H,0.0781
385,1649816,2014-09-30,M4N,1.15
384,1649764,2014-09-30,M6R,0.0524
383,1649790,2014-09-30,M1N,2.77
382,1649772,2014-09-30,M6S,0.213
381,1649787,2014-09-30,M4J,1.07
373,1652888,2014-10-01,M8Y,0.0873
379,1651444,2014-10-01,M5N,0.787
378,1652852,2014-10-01,M6G,0.214
374,1649817,2014-10-01,M4K,0.0936
361,1653006,2014-10-02,M4C,0.0774
364,1651387,2014-10-02,M5M,<0.0500
367,1653013,2014-10-02,M4E,<0.0500
359,1649821,2014-10-02,M4C,0.244
338,1651433,2014-10-07,M5S,0.0855
340,1653055,2014-10-07,M4L,1.80
332,1653061,2014-10-08,M4G,1.04
335,1656082,2014-10-08,M6E,1.85
326,1656097,2014-10-09,M6B,<0.0500
328,1656040,2014-10-09,M2M,0.325
323,1656042,2014-10-09,M4N,<0.0500
319,1663074,2014-10-10,M1S,0.286
318,1656046,2014-10-10,M6G,0.719
321,1662808,2014-10-10,M1C,0.207
315,1656059,2014-10-13,M4K,0.104
311,1656096,2014-10-14,M6J,0.378
308,1656113,2014-10-14,M4M,4.66
310,1656115,2014-10-14,M4K,<0.0500
305,1658644,2014-10-15,M5T,0.146
301,1656061,2014-10-15,M6C,0.364
304,1660694,2014-10-15,M4J,0.0607
294,1656118,2014-10-16,M9B,<0.0500
300,1658645,2014-10-16,M6R,0.319
285,1657834,2014-10-17,M6R,<0.0500
291,1657896,2014-10-17,M4N,4.60
282,1657923,2014-10-19,M5M,<0.0500
274,1657995,2014-10-20,M4K,0.743
275,1663009,2014-10-20,M8V,0.0973
269,1662577,2014-10-21,M5M,0.141
270,1660962,2014-10-21,M4B,6.99
267,1662955,2014-10-22,M6C,<0.0500
263,1662561,2014-10-22,M5T,0.186
256,1667509,2014-10-24,M4T,6.09
260,1667508,2014-10-24,M4J,1.31
258,1662448,2014-10-24,M6E,0.213
255,1662736,2014-10-24,M6G,0.0807
249,1662709,2014-10-27,M6J,5.87
251,1667539,2014-10-27,M4L,2.23
245,1662720,2014-10-27,M6R,0.488
247,1662954,2014-10-27,M1P,<0.0500
232,1662030,2014-10-29,M4E,1.13
235,1666564,2014-10-29,M8X,<0.0500
230,1666574,2014-10-29,M6H,<0.0500
228,1667505,2014-10-29,M4C,2.06
227,1666601,2014-10-29,M6J,1.77
221,1666050,2014-10-30,M6C,<0.0500
215,1674069,2014-11-01,M6P,0.464
214,1665919,2014-11-02,M6S,1.42
213,1666056,2014-11-03,M5M,3.91
212,1667506,2014-11-03,M4E,0.0796
207,1666543,2014-11-04,M6K,0.944
208,1666081,2014-11-04,M6J,1.02
206,1665874,2014-11-04,M5R,0.957
209,1670537,2014-11-04,M4Y,0.0594
205,1670562,2014-11-05,M5A,0.188
201,1667503,2014-11-05,M4J,0.257
198,1670512,2014-11-05,M4E,<0.0500
197,1670553,2014-11-05,M4V,<0.0500
202,1670560,2014-11-05,M6N,1.11
199,1667443,2014-11-05,M4J,0.957
203,1671315,2014-11-05,M4C,1.64
204,1670564,2014-11-05,M6J,9.34
195,1671316,2014-11-06,M4J,0.747
196,1670568,2014-11-06,M4J,0.436
192,1670561,2014-11-06,M6R,0.619
194,1672514,2014-11-06,M5M,0.284
193,1672521,2014-11-06,M4N,3.02
186,1670555,2014-11-07,M4K,1.40
191,1672474,2014-11-07,M5M,0.172
188,1671298,2014-11-07,M4C,0.375
185,1670554,2014-11-08,M5P,<0.0500
184,1670546,2014-11-09,M4J,<0.0500
177,1671317,2014-11-10,M4C,0.0552
176,1670557,2014-11-10,M5A,0.196
183,1671259,2014-11-10,M4J,0.247
180,1672512,2014-11-10,M4N,<0.0500
181,1670485,2014-11-10,M6J,13.4
173,1670563,2014-11-11,M5R,<0.0500
172,1671321,2014-11-11,M4M,1.05
168,1672523,2014-11-12,M2N,<0.0500
169,1672550,2014-11-12,M4G,0.196
166,1670516,2014-11-12,M6H,<0.0500
170,1674071,2014-11-12,M4B,0.358
163,1682790,2014-11-13,M1S,0.107
161,1673295,2014-11-13,M6R,4.39
159,1671257,2014-11-13,M4L,1.53
160,1672475,2014-11-13,M4N,0.145
164,1673322,2014-11-13,M6R,0.456
158,1672511,2014-11-13,M5M,6.11
162,1672479,2014-11-13,M4N,36.6
165,1673319,2014-11-13,M6R,1.49
156,1671258,2014-11-14,M4J,0.0691
154,1673315,2014-11-14,M8X,0.325
157,1672472,2014-11-14,M6E,0.110
155,1672520,2014-11-14,M4M,5.67
152,1672519,2014-11-15,M4J,0.201
151,1672490,2014-11-16,M4P,2.16
148,1674086,2014-11-17,M4L,0.978
146,1674088,2014-11-17,M4J,<0.0500
150,1675896,2014-11-17,M4R,2.58
147,1672513,2014-11-17,M4G,9.46
149,1673349,2014-11-17,M6R,0.481
145,1674085,2014-11-18,M4B,0.206
142,1680850,2014-11-18,M6S,7.05
139,1675920,2014-11-18,M6G,0.219
141,1675840,2014-11-18,M6M,<0.0500
143,1674083,2014-11-18,M4E,0.192
138,1675919,2014-11-18,M4L,0.982
144,1675921,2014-11-18,M5M,0.221
134,1675898,2014-11-19,M5M,2.78
135,1674089,2014-11-19,M4J,1.05
136,1674087,2014-11-19,M4L,1.39
137,1675860,2014-11-19,M4E,<0.0500
133,1676206,2014-11-20,M6H,<0.0500
130,1679606,2014-11-22,M4L,3.67
129,1675895,2014-11-23,M4C,<0.0500
126,1677593,2014-11-24,M4K,1.89
124,1680827,2014-11-24,M6P,0.0997
127,1675398,2014-11-24,M4M,0.338
125,1676240,2014-11-24,M6P,0.810
122,1679618,2014-11-24,M4R,0.999
120,1679630,2014-11-25,M6J,2.37
113,1680642,2014-11-26,M6P,0.222
118,1679641,2014-11-26,M6R,0.0782
106,1679616,2014-11-28,M6J,0.471
105,1680643,2014-11-28,M6E,0.796
110,1679620,2014-11-28,M4P,1.35
107,1679592,2014-11-28,M3H,0.275
111,1680845,2014-11-28,M4C,1.26
103,1678177,2014-11-29,M6H,0.748
102,1679642,2014-12-01,M5M,0.0618
101,1679515,2014-12-01,M4P,0.386
100,1680763,2014-12-01,M4L,6.33
99,1679619,2014-12-01,M8Y,3.75
98,1679603,2014-12-01,M4G,<0.0500
93,1682332,2014-12-02,M6G,0.836
94,1682222,2014-12-02,M6G,<0.0500
92,1680840,2014-12-02,M9P,0.0758
96,1682355,2014-12-02,M6G,1.76
95,1680758,2014-12-02,M3B,<0.0500
97,1679614,2014-12-02,M6E,3.81
91,1682771,2014-12-03,M9C,0.445
90,1682927,2014-12-03,M9M,1.54
89,1682813,2014-12-03,M6S,0.167
88,1682195,2014-12-03,M6C,2.07
87,1679657,2014-12-03,M5M,2.85
86,1682926,2014-12-03,M5R,<0.0500
85,1682787,2014-12-03,M1K,<0.0500
84,1682812,2014-12-03,M6H,<0.0500
83,1682785,2014-12-03,M1N,0.0729
78,1682819,2014-12-04,M8X,<0.0500
79,1682929,2014-12-04,M8Y,<0.0500
80,1682923,2014-12-04,M9A,<0.0500
82,1682925,2014-12-04,M5S,0.0798
81,1682930,2014-12-04,M8Y,0.174
77,1682796,2014-12-05,M6P,0.999
76,1682821,2014-12-06,M6P,5.17
75,1682928,2014-12-07,M9N,<0.0500
74,1682291,2014-12-07,M4J,1.82
73,1682278,2014-12-07,M5M,0.0757
72,1682822,2014-12-07,M9N,0.0565
67,1682275,2014-12-08,M2L,0.0707
66,1682277,2014-12-08,M1R,<0.0500
65,1682915,2014-12-08,M6P,1.10
69,1682230,2014-12-08,M4P,0.254
71,1682266,2014-12-08,M4P,0.703
68,1682786,2014-12-08,M6S,2.52
70,1682292,2014-12-08,M4N,0.0760
64,1685641,2014-12-09,M4L,1.75
63,1682922,2014-12-09,M4E,3.47
62,1686531,2014-12-09,M5P,0.923
61,1685703,2014-12-10,M8Y,0.0617
59,1686534,2014-12-10,M4N,<0.0500
58,1685668,2014-12-10,M8V,0.0589
57,1685639,2014-12-10,M9A,<0.0500
56,1691247,2014-12-10,M3M,0.446
60,1686615,2014-12-10,M6N,0.193
55,1686613,2014-12-11,M4C,<0.0500
54,1682846,2014-12-11,M9N,0.0602
53,1686658,2014-12-11,M4C,0.254
51,1685640,2014-12-12,M6S,2.57
52,1685704,2014-12-12,M8Y,8.11
49,1686642,2014-12-13,M3H,0.136
50,1685667,2014-12-13,M5J,0.922
47,1686524,2014-12-14,M6P,<0.0500
48,1686630,2014-12-14,M4E,<0.0500
46,1685661,2014-12-15,M9P,<0.0500
45,1686614,2014-12-15,M4C,0.221
44,1685702,2014-12-15,M4R,0.247
43,1686645,2014-12-15,M4K,0.0545
42,1686612,2014-12-15,M6S,1.47
41,1686547,2014-12-15,M2R,0.153
38,1685609,2014-12-16,M9C,2.59
40,1686656,2014-12-16,M2N,<0.0500
39,1685701,2014-12-16,M3M,0.0582
37,1686646,2014-12-16,M4J,0.120
36,1685678,2014-12-16,M1L,<0.0500
33,1690472,2014-12-17,M4G,0.226
34,1687916,2014-12-17,M4M,2.46
35,1686532,2014-12-17,M6H,1.16
31,1690473,2014-12-18,M6S,1.07
30,1689450,2014-12-18,M9B,0.377
32,1690329,2014-12-18,M6R,<0.0500
29,1691266,2014-12-18,M6C,3.06
28,1690347,2014-12-19,M6J,8.01
27,1689418,2014-12-19,M9A,<0.0500
26,1686545,2014-12-19,M6H,<0.0500
25,1690528,2014-12-20,M4C,0.192
24,1689421,2014-12-22,M4L,0.207
23,1689422,2014-12-22,M6J,0.0521
22,1689419,2014-12-22,M4M,0.836
21,1694358,2014-12-23,M1P,0.121
20,1689448,2014-12-23,M6H,0.811
19,1689416,2014-12-23,M5T,0.342
18,1691252,2014-12-24,M2N,0.0960
11,1691249,2014-12-29,M5P,<0.0500
12,1690442,2014-12-29,M4C,0.0911
13,1690467,2014-12-29,M6G,0.177
17,1690515,2014-12-29,M4J,0.288
15,1689449,2014-12-29,M4T,0.0596
16,1689420,2014-12-29,M5A,12.8
14,1691254,2014-12-29,M5M,12.8
2,1694355,2014-12-30,M9A,<0.0500
4,1690474,2014-12-30,M4J,0.623
3,1690423,2014-12-30,M1L,<0.0500
5,1691251,2014-12-30,M4C,0.574
9,1693950,2014-12-30,M5S,0.0913
7,1691250,2014-12-30,M4G,0.889
8,1690348,2014-12-30,M6S,0.475
6,1689417,2014-12-30,M4S,2.89
10,1693949,2014-12-30,M4G,0.0867
1,1691248,2014-12-31,M5N,<0.0500
0,1690402,2014-12-31,M6H,1.51
963,1691253,2015-01-06,M4R,0.645
948,1696470,2015-01-13,M5M,2.84
887,1702166,2015-02-02,M6E,2.67
881,1703221,2015-02-04,M4J,0.210
882,1707091,2015-02-04,M6S,0.985
879,1704088,2015-02-05,M5M,0.0503
877,1707088,2015-02-06,M6C,0.125
875,1706552,2015-02-06,M3H,0.0524
874,1706246,2015-02-08,M3L,<0.0500
868,1707949,2015-02-09,M4L,0.917
870,1705488,2015-02-09,,4.02
871,1705276,2015-02-09,M4J,2.07
864,1707073,2015-02-10,M6S,0.127
863,1707945,2015-02-10,M6C,12.4
860,1705274,2015-02-11,M4E,0.0870
859,1705277,2015-02-11,M4E,<0.0500
857,1706244,2015-02-11,M4R,0.719
855,1707947,2015-02-12,M4C,0.764
851,1707089,2015-02-13,M4J,0.137
850,1707071,2015-02-17,M4C,<0.0500
848,1707086,2015-02-17,M4C,<0.0500
845,1707946,2015-02-18,M6N,0.126
843,1708926,2015-02-20,M5N,0.120
834,1712329,2015-02-25,M4C,1.22
826,1711159,2015-02-27,M6P,3.61
827,1713907,2015-02-27,M4R,2.26
823,1714167,2015-03-01,M6P,0.0503
812,1713911,2015-03-03,M4K,<0.0500
808,1712331,2015-03-04,M4L,1.45
805,1712330,2015-03-04,M4K,0.103
803,1713961,2015-03-06,M3H,<0.0500
795,1713959,2015-03-09,M5R,0.0572
794,1716637,2015-03-10,M6K,0.102
789,1716672,2015-03-11,M6J,0.212
788,1716678,2015-03-11,M4L,4.30
784,1716679,2015-03-13,M6G,0.123
780,1719252,2015-03-14,M4C,0.827
776,1719239,2015-03-15,M4L,0.365
773,1717789,2015-03-16,M4M,1.58
774,1717786,2015-03-16,M4B,<0.0500
766,1719681,2015-03-18,M8Y,0.0798
762,1719277,2015-03-20,M6P,0.809
745,1722203,2015-03-27,M5K,0.0604
737,1723343,2015-03-30,M4C,0.372
729,1723346,2015-04-01,M4L,0.874
734,1723342,2015-04-01,M4K,0.282
730,1733224,2015-04-01,M6R,<0.0500
733,1724172,2015-04-01,M5R,0.558
728,1724173,2015-04-01,M4M,0.520
727,1724429,2015-04-02,M4L,<0.0500
723,1726143,2015-04-02,M6J,0.803
726,1724217,2015-04-02,M4V,0.474
724,1724209,2015-04-02,M8W,1.79
722,1724210,2015-04-04,M4E,0.332
721,1724427,2015-04-06,M4J,0.675
719,1725032,2015-04-07,M4E,0.0727
716,1726141,2015-04-08,M6J,1.36
717,1726139,2015-04-08,M6C,0.0511
713,1724174,2015-04-08,M8V,<0.0500
709,1726136,2015-04-09,M6S,0.255
708,1733451,2015-04-09,M4M,1.36
705,1727408,2015-04-10,M4C,0.144
706,1726140,2015-04-10,M4M,0.491
704,1727406,2015-04-10,M6E,<0.0500
701,1726144,2015-04-12,M4S,0.134
691,1726423,2015-04-14,M8Z,<0.0500
698,1728739,2015-04-14,M5S,9.22
694,1728740,2015-04-14,M5M,1.75
692,1729223,2015-04-14,M6S,15.8
697,1727404,2015-04-14,M4E,1.37
693,1728828,2015-04-14,M8V,1.32
695,1727410,2015-04-14,M4M,18.2
683,1733105,2015-04-15,M4K,<0.0500
687,1726420,2015-04-15,M6M,<0.0500
688,1729222,2015-04-15,M9C,0.365
684,1733134,2015-04-15,M9B,<0.0500
685,1727411,2015-04-15,M4J,1.56
680,1728738,2015-04-16,M6G,0.824
682,1728798,2015-04-16,M4V,0.133
679,1728749,2015-04-17,M5G,1.02
677,1728737,2015-04-19,M4L,0.0806
678,1731711,2015-04-19,M4R,0.411
674,1730032,2015-04-20,M4B,<0.0500
675,1728741,2015-04-20,M6R,<0.0500
671,1730014,2015-04-21,M4C,0.338
669,1733452,2015-04-21,M6G,<0.0500
670,1733135,2015-04-21,M5R,0.808
665,1730030,2015-04-21,M4L,0.463
673,1731381,2015-04-21,M5V,0.163
666,1730019,2015-04-21,M4M,0.171
672,1728751,2015-04-21,M6E,2.37
662,1733095,2015-04-22,M4X,<0.0500
660,1730034,2015-04-22,M4M,<0.0500
658,1731387,2015-04-23,M4K,0.882
654,1731709,2015-04-24,M1J,0.0572
649,1731383,2015-04-27,M4E,<0.0500
643,1733233,2015-04-29,M6E,<0.0500
642,1733098,2015-04-29,M5M,0.182
641,1735276,2015-04-29,M4J,0.311
637,1734321,2015-05-01,M9A,<0.0500
638,1733892,2015-05-01,M6P,0.933
635,1733896,2015-05-03,M6R,0.0678
636,1733893,2015-05-03,M6S,1.86
634,1733895,2015-05-04,M4K,1.24
633,1735292,2015-05-05,M8X,0.398
632,1737779,2015-05-05,M5M,2.14
631,1735277,2015-05-05,M4X,2.15
630,1740444,2015-05-05,M4K,0.0619
621,1735274,2015-05-06,M4G,<0.0500
622,1736510,2015-05-06,M6P,0.865
624,1740467,2015-05-06,M8W,0.0545
625,1740457,2015-05-06,M9A,1.10
623,1740920,2015-05-06,M4L,2.83
627,1740455,2015-05-06,M8Y,0.0710
628,1736506,2015-05-06,M6G,0.481
629,1736514,2015-05-06,M6J,0.0835
626,1735278,2015-05-06,M4M,0.0811
620,1735650,2015-05-07,M2H,<0.0500
619,1736509,2015-05-07,M2M,<0.0500
618,1737777,2015-05-10,M4K,0.161
617,1736516,2015-05-11,M4P,0.0637
616,1736511,2015-05-11,M3H,<0.0500
615,1736515,2015-05-11,M6B,1.12
614,1736508,2015-05-11,M6S,0.775
609,1737778,2015-05-12,M4J,0.0884
610,1736507,2015-05-12,M4K,0.265
612,1737776,2015-05-12,M4K,1.00
613,1740458,2015-05-12,M6S,0.415
611,1736512,2015-05-12,M5S,0.479
600,1737782,2015-05-13,M4C,0.409
608,1740419,2015-05-13,M6S,<0.0500
607,1737781,2015-05-13,M4K,0.600
606,1740456,2015-05-13,M6R,0.575
605,1736513,2015-05-13,M1B,5.68
604,1740447,2015-05-13,M6E,1.82
603,1740451,2015-05-13,M6C,0.395
602,1737780,2015-05-13,M4K,0.588
601,1742647,2015-05-13,M6S,0.487
595,1740901,2015-05-14,M1L,0.117
596,1740446,2015-05-14,M6R,0.204
599,1740919,2015-05-14,M4K,<0.0500
598,1740465,2015-05-14,M6E,7.27
597,1740448,2015-05-14,M8Y,0.797
591,1740445,2015-05-15,M6R,2.87
592,1740922,2015-05-15,M4J,1.09
593,1740394,2015-05-15,M4N,2.62
594,1740395,2015-05-15,M6R,0.996
590,1742078,2015-05-18,M6S,2.46
589,1740923,2015-05-19,M6E,<0.0500
587,1740924,2015-05-20,M4J,6.27
588,1740479,2015-05-20,M6H,0.0618
586,1742115,2015-05-20,M6K,<0.0500
585,1740476,2015-05-20,M4W,0.283
584,1740926,2015-05-20,M4M,1.98
583,1742069,2015-05-20,M6P,0.547
582,1742071,2015-05-21,M5P,<0.0500
581,1742123,2015-05-21,M6P,0.189
580,1742648,2015-05-21,M9A,0.0773
579,1742065,2015-05-21,M6M,1.06
578,1742159,2015-05-21,M6H,0.210
577,1742090,2015-05-21,M6J,0.309
576,1742068,2015-05-21,M6P,0.128
575,1742064,2015-05-21,M4W,0.0688
574,1743754,2015-05-21,M4K,0.106
573,1742067,2015-05-21,M5M,1.46
572,1742129,2015-05-21,M6P,0.168
570,1743759,2015-05-22,M4C,0.0968
571,1742125,2015-05-22,M4K,0.0551
569,1745534,2015-05-24,M5R,0.487
568,1743760,2015-05-25,M4C,0.0980
567,1742066,2015-05-25,M4N,0.0518
566,1742163,2015-05-25,M6C,0.660
565,1743757,2015-05-25,M4C,2.13
564,1743756,2015-05-25,M4J,0.0982
563,1742646,2015-05-25,M9V,0.918
562,1742063,2015-05-26,M6R,<0.0500
561,1743758,2015-05-26,M4G,3.06
560,1743755,2015-05-26,M4J,0.104
559,1748492,2015-05-27,M4G,0.0583
555,1747389,2015-05-28,M4C,3.71
556,1745907,2015-05-28,M8Y,0.0674
554,1747388,2015-05-28,M4L,0.350
558,1753143,2015-05-28,M1R,1.06
557,1745532,2015-05-28,M6H,0.0647
551,1753145,2015-05-29,M1J,0.247
553,1747387,2015-05-29,M1R,0.215
552,1745537,2015-05-29,M1L,1.47
550,1745906,2015-05-30,M8W,<0.0500
549,1745531,2015-05-31,M6N,3.14
548,1747386,2015-05-31,M4J,0.954
547,1748505,2015-06-01,M4R,1.92
546,1745533,2015-06-01,M6H,1.08
545,1745905,2015-06-01,M8X,0.132
544,1745536,2015-06-01,M6S,2.58
543,1745535,2015-06-02,M6J,7.51
542,1748491,2015-06-03,M6G,1.04
541,1748504,2015-06-03,M6P,4.83
540,1748579,2015-06-04,M6G,<0.0500
539,1748493,2015-06-04,M5M,47.3
538,1748506,2015-06-04,M4C,0.349
532,1753146,2015-06-05,M2L,0.473
535,1748503,2015-06-05,M6S,0.159
531,1749842,2015-06-05,M4L,<0.0500
533,1752196,2015-06-05,M8Y,0.0633
536,1749851,2015-06-05,M4L,0.0658
537,1748494,2015-06-05,M6R,0.0722
534,1748502,2015-06-05,M6R,0.588
530,1749875,2015-06-07,M4J,0.889
529,1766051,2015-06-07,M4K,0.433
528,1752204,2015-06-07,M6A,<0.0500
527,1749843,2015-06-08,M4J,0.176
526,1749840,2015-06-08,M4J,0.0808
525,1748501,2015-06-08,M4E,1.62
524,1752201,2015-06-08,M8V,<0.0500
522,1751443,2015-06-09,M4K,0.202
523,1751424,2015-06-09,M4L,0.136
521,1751417,2015-06-09,M2L,2.32
519,1749841,2015-06-10,M4J,2.02
520,1751442,2015-06-10,M4M,<0.0500
518,1749864,2015-06-10,M4C,0.0930
515,1751425,2015-06-11,M6C,0.122
517,1751454,2015-06-11,M8V,0.308
514,1757248,2015-06-11,M4M,<0.0500
516,1752205,2015-06-11,M9C,0.0534
512,1751409,2015-06-12,M6P,0.297
509,1751418,2015-06-12,M6P,1.92
511,1751408,2015-06-12,M6P,0.860
513,1751407,2015-06-12,M6P,0.805
510,1751420,2015-06-12,M6H,0.847
508,1751449,2015-06-14,M6S,1.22
507,1751421,2015-06-14,M2H,<0.0500
506,1751406,2015-06-14,M4E,0.499
505,1751451,2015-06-14,M5S,0.650
504,1753127,2015-06-15,M4E,0.624
503,1751419,2015-06-15,M8V,0.154
501,1757245,2015-06-15,M5A,0.665
500,1752239,2015-06-15,M9A,<0.0500
502,1753128,2015-06-15,M4M,0.0808
499,1755398,2015-06-16,M8V,0.908
498,1753129,2015-06-16,M4M,<0.0500
497,1757242,2015-06-16,M4K,0.133
495,1757251,2015-06-17,M6J,3.63
496,1758476,2015-06-17,M5M,0.0775
491,1757244,2015-06-18,M5M,<0.0500
492,1755397,2015-06-18,M1M,0.104
494,1755406,2015-06-18,M4B,0.196
493,1755408,2015-06-18,M6E,2.80
490,1755410,2015-06-19,M4E,0.237
489,1755411,2015-06-19,M6R,24.8
488,1755405,2015-06-19,M4J,0.0545
487,1755768,2015-06-22,M4A,<0.0500
486,1755407,2015-06-23,M6S,1.05
485,1755409,2015-06-23,M6P,0.0757
484,1765612,2015-06-24,M4K,8.35
483,1758475,2015-06-25,M5R,0.163
482,1758473,2015-06-29,M4T,1.48
481,1758474,2015-06-29,M6S,2.41
480,1761336,2015-06-29,M2K,<0.0500
479,1761337,2015-06-30,M5N,1.01
478,1758472,2015-06-30,M5N,1.29
476,1761495,2015-07-02,M4N,<0.0500
475,1773450,2015-07-02,M1G,0.0905
477,1761471,2015-07-02,M6P,5.38
474,1761497,2015-07-02,M6P,0.270
473,1761469,2015-07-05,M4M,0.186
471,1765912,2015-07-06,M4K,3.31
470,1761468,2015-07-06,M6H,8.53
469,1761470,2015-07-06,M4E,14.3
468,1761473,2015-07-06,M6E,1.18
467,1761339,2015-07-06,M6A,0.139
472,1761338,2015-07-06,M3J,0.0912
466,1765648,2015-07-07,M4C,38.3
465,1761474,2015-07-07,M4T,0.335
457,1761475,2015-07-08,M8Y,0.0505
458,1764188,2015-07-08,M4E,0.0504
459,1764744,2015-07-08,M6P,0.108
463,1764189,2015-07-08,M4L,2.26
461,1765680,2015-07-08,M4G,0.0789
462,1765665,2015-07-08,M4M,0.301
464,1764191,2015-07-08,M4M,0.0711
460,1761472,2015-07-08,M4N,4.05
451,1765197,2015-07-09,M8V,0.205
453,1764207,2015-07-09,M5P,0.777
452,1765201,2015-07-09,M8V,0.164
455,1764732,2015-07-09,M5M,1.72
456,1764201,2015-07-09,M6G,1.52
454,1764731,2015-07-09,M5M,1.11
450,1765791,2015-07-10,M4G,0.394
449,1764200,2015-07-11,M6R,0.639
448,1765287,2015-07-11,M6K,2.45
447,1765075,2015-07-12,M1P,<0.0500
446,1764199,2015-07-12,M8X,0.111
445,1765199,2015-07-12,M6S,0.824
440,1765200,2015-07-13,M6N,0.258
441,1764190,2015-07-13,M4X,1.60
443,1765202,2015-07-13,M6E,0.957
444,1768156,2015-07-13,M4L,2.76
442,1765624,2015-07-13,M4C,0.104
439,1765198,2015-07-14,M8W,0.695
434,1772709,2015-07-15,M4E,3.58
437,1766152,2015-07-15,M4L,0.944
436,1768174,2015-07-15,M6G,0.624
435,1768158,2015-07-15,M6H,3.76
433,1790178,2015-07-15,M4J,<0.0500
438,1768178,2015-07-15,M9P,<0.0500
430,1768171,2015-07-16,M9P,0.0726
431,1772706,2015-07-16,M2N,0.0553
432,1768153,2015-07-16,M6K,<0.0500
427,1776503,2015-07-17,M6S,<0.0500
429,1768155,2015-07-17,M4J,2.44
428,1768157,2015-07-17,M6H,0.231
426,1769704,2015-07-18,M4J,9.33
425,1772724,2015-07-19,M5R,0.318
424,1768154,2015-07-20,M4R,0.0889
423,1768159,2015-07-20,M4K,<0.0500
418,1769712,2015-07-21,M4E,3.39
419,1772692,2015-07-21,M4Y,0.0692
420,1776518,2015-07-21,M6S,2.99
421,1769711,2015-07-21,M5M,1.35
422,1769703,2015-07-21,M4J,<0.0500
416,1772710,2015-07-22,M9M,0.0596
417,1772705,2015-07-22,M5P,0.0907
415,1769702,2015-07-23,M4C,<0.0500
414,1776496,2015-07-23,M8V,0.284
413,1775802,2015-07-23,M1N,<0.0500
412,1773460,2015-07-23,M4S,1.24
411,1776528,2015-07-24,M4J,0.0536
410,1772734,2015-07-24,M6R,35.0
409,1772707,2015-07-25,M6R,0.706
406,1772687,2015-07-26,M4R,6.05
408,1773459,2015-07-26,M1M,0.0820
407,1772690,2015-07-26,M4C,0.0766
405,1772708,2015-07-27,M6E,3.07
404,1772688,2015-07-27,M4R,0.0931
403,1772693,2015-07-27,M4C,0.190
402,1772689,2015-07-27,M4R,0.411
401,1773451,2015-07-27,M4C,3.23
400,1779589,2015-07-27,M8W,<0.0500
395,1772648,2015-07-28,M4M,1.21
396,1773461,2015-07-28,M4L,0.434
394,1772691,2015-07-28,M6G,0.238
398,1779588,2015-07-28,M6H,0.572
399,1772721,2015-07-28,M5P,<0.0500
397,1772645,2015-07-28,M6P,3.92
393,1773458,2015-07-29,M4C,1.84
392,1772740,2015-07-29,M4J,0.0833
391,1772646,2015-07-29,M6S,0.636
390,1776520,2015-07-30,M6P,<0.0500
389,1778112,2015-07-30,M4S,1.86
388,1776522,2015-07-30,M4C,0.926
387,1776526,2015-07-30,M6H,0.136
386,1776519,2015-07-31,M4G,1.34
385,1778110,2015-07-31,M5M,1.82
384,1778109,2015-08-01,M4G,3.82
378,1784711,2015-08-04,M8W,0.734
379,1776502,2015-08-04,M6S,3.53
382,1775803,2015-08-04,M9B,0.0736
381,1776523,2015-08-04,M4K,0.447
380,1776517,2015-08-04,M6R,1.85
383,1776525,2015-08-04,M4J,0.0782
377,1776527,2015-08-05,M4C,4.93
376,1776521,2015-08-05,M6J,1.88
375,1779590,2015-08-05,M6R,<0.0500
374,1779472,2015-08-06,M4L,1.04
373,1779628,2015-08-06,M4M,0.587
372,1779593,2015-08-06,M4J,2.22
371,1776524,2015-08-06,M4G,0.0516
365,1779458,2015-08-07,M4C,0.0963
366,1778111,2015-08-07,M5N,2.08
367,1779437,2015-08-07,M4J,1.16
369,1778108,2015-08-07,M4P,15.7
370,1779592,2015-08-07,M6E,0.0998
368,1779471,2015-08-07,M4K,<0.0500
364,1779438,2015-08-09,M6R,0.708
363,1779594,2015-08-10,M4A,<0.0500
362,1779456,2015-08-10,M4M,3.41
361,1779591,2015-08-10,M1N,0.206
360,1779457,2015-08-11,M5N,0.0746
359,1781117,2015-08-11,M3A,0.238
356,1779430,2015-08-12,M4M,0.128
358,1779473,2015-08-12,M6K,1.34
357,1781105,2015-08-12,M4R,0.459
354,1782463,2015-08-13,M8X,0.308
352,1784267,2015-08-13,M4L,0.125
355,1784316,2015-08-13,M4M,2.14
353,1782481,2015-08-13,M8Z,<0.0500
351,1790172,2015-08-14,M1N,1.92
350,1784322,2015-08-17,M2R,<0.0500
349,1784286,2015-08-17,M6K,4.27
348,1784346,2015-08-17,M6A,<0.0500
346,1790179,2015-08-17,M1L,<0.0500
347,1784272,2015-08-17,M6N,1.18
343,1784307,2015-08-18,M4C,2.62
342,1784289,2015-08-18,M6S,<0.0500
341,1784336,2015-08-18,M4S,<0.0500
344,1782490,2015-08-18,M8X,2.54
345,1784319,2015-08-18,M6J,0.0959
340,1784293,2015-08-19,M4E,3.32
339,1782491,2015-08-19,M9W,<0.0500
338,1784314,2015-08-19,M6E,6.12
336,1784318,2015-08-20,M9N,0.0729
337,1784268,2015-08-20,M4K,0.115
334,1784320,2015-08-20,M2P,0.0753
335,1784342,2015-08-20,M4L,1.87
332,1784345,2015-08-21,M6S,0.0808
331,1784335,2015-08-21,M6S,0.0882
330,1784321,2015-08-21,M6J,1.18
329,1789190,2015-08-21,M4P,1.19
328,1784317,2015-08-21,M4K,0.311
333,1789193,2015-08-21,M4L,1.16
327,1789194,2015-08-24,M4K,<0.0500
326,1789199,2015-08-24,M4J,29.8
325,1784297,2015-08-25,M6P,<0.0500
324,1784712,2015-08-25,M8Z,0.207
323,1789165,2015-08-25,M4L,<0.0500
322,1784710,2015-08-25,M8W,0.0664
321,1789207,2015-08-26,M6S,1.04
320,1793603,2015-08-26,M2K,0.0844
319,1789191,2015-08-26,M4J,1.23
316,1789218,2015-08-27,M6M,5.54
315,1789189,2015-08-27,M4G,1.63
318,1789204,2015-08-27,M9N,0.467
317,1789200,2015-08-27,M4M,0.740
314,1789164,2015-08-28,M4E,0.0731
313,1789188,2015-08-28,M4G,<0.0500
312,1789163,2015-08-28,M8V,0.224
311,1789220,2015-08-28,M6M,1.31
310,1789195,2015-08-29,M4C,2.01
309,1793604,2015-08-29,M4G,0.0672
308,1789167,2015-08-30,M4G,106
307,1790176,2015-09-01,M8X,0.0983
306,1793607,2015-09-01,M6B,<0.0500
305,1789213,2015-09-01,M6N,0.967
304,1793606,2015-09-01,M4T,1.86
303,1789208,2015-09-01,M4L,10.9
302,1789206,2015-09-01,M6R,0.234
298,1789192,2015-09-02,M4C,8.17
299,1789221,2015-09-02,M8V,<0.0500
300,1789203,2015-09-02,M4L,2.87
301,1790173,2015-09-02,M6N,0.970
297,1795732,2015-09-03,M4C,0.328
296,1790175,2015-09-03,M8W,0.226
295,1790177,2015-09-03,M6S,7.09
294,1795746,2015-09-04,M4C,8.44
293,1795736,2015-09-04,M4C,1.03
292,1793605,2015-09-07,M2K,0.107
289,1790171,2015-09-08,M6P,0.139
290,1795748,2015-09-08,M4J,2.60
291,1790174,2015-09-08,M6S,5.69
288,1795738,2015-09-09,M4C,2.98
287,1793069,2015-09-09,M6G,<0.0500
286,1793071,2015-09-10,M6H,1.83
285,1798130,2015-09-10,M9C,0.376
284,1793065,2015-09-10,M4X,0.0949
278,1795742,2015-09-11,M1H,0.217
279,1795747,2015-09-11,M4L,0.203
280,1795744,2015-09-11,M4C,<0.0500
283,1793601,2015-09-11,M6J,0.0505
282,1798132,2015-09-11,M9A,<0.0500
281,1796399,2015-09-11,M9A,0.0893
277,1793072,2015-09-12,M1L,<0.0500
276,1793067,2015-09-12,M6R,0.348
275,1796395,2015-09-12,M1N,<0.0500
272,1795985,2015-09-13,M4J,<0.0500
274,1793061,2015-09-13,M6J,0.389
271,1793070,2015-09-13,M6J,0.0583
273,1798153,2015-09-13,M6L,<0.0500
268,1795745,2015-09-14,M4E,0.117
269,1795741,2015-09-14,M4J,8.58
270,1795740,2015-09-14,M4K,16.2
266,1795749,2015-09-15,M1N,3.49
265,1795743,2015-09-15,M3H,<0.0500
267,1795739,2015-09-15,M4K,0.0561
264,1804988,2015-09-16,M6J,0.867
263,1798127,2015-09-16,M4M,0.438
262,1796396,2015-09-16,M6P,2.32
261,1796391,2015-09-16,M6S,<0.0500
260,1795724,2015-09-17,M4B,2.45
259,1796376,2015-09-17,M6S,<0.0500
258,1798133,2015-09-17,M6R,<0.0500
257,1796392,2015-09-18,M6C,<0.0500
256,1796397,2015-09-21,M1K,0.106
249,1796398,2015-09-22,M1S,<0.0500
250,1796393,2015-09-22,M6S,0.0577
251,1798119,2015-09-22,M4B,0.181
255,1798129,2015-09-22,M4J,6.21
253,1798131,2015-09-22,M4J,3.26
254,1798120,2015-09-22,M4G,0.428
252,1798128,2015-09-22,M4J,0.0578
248,1796394,2015-09-23,M1P,<0.0500
247,1804992,2015-09-23,M8Z,<0.0500
246,1796374,2015-09-24,M6S,1.70
245,1800385,2015-09-24,M4M,3.18
244,1800403,2015-09-25,M6E,1.73
243,1800392,2015-09-25,M6K,0.649
242,1800407,2015-09-27,M4K,3.08
241,1800431,2015-09-28,M6E,59.1
240,1800406,2015-09-28,M4J,<0.0500
239,1800350,2015-09-28,M4C,0.123
238,1805004,2015-09-28,M8W,<0.0500
237,1800430,2015-09-29,M4L,0.952
236,1802410,2015-09-29,M6P,1.23
235,1800393,2015-09-29,M4J,1.90
234,1800384,2015-09-30,M4J,1.11
233,1803071,2015-10-01,M6E,2.15
229,1803121,2015-10-02,M4C,0.0846
225,1803072,2015-10-02,M4C,<0.0500
228,1803074,2015-10-02,M4E,1.66
232,1803116,2015-10-02,M6M,1.13
222,1804999,2015-10-05,M6K,0.0903
221,1804987,2015-10-05,M9C,0.0853
218,1805929,2015-10-06,M6S,23.0
217,1805930,2015-10-07,M4L,0.0965
213,1807325,2015-10-07,M6G,<0.0500
215,1805944,2015-10-07,M4E,4.74
214,1805932,2015-10-07,M6G,<0.0500
216,1805920,2015-10-07,M4L,1.23
207,1804211,2015-10-08,M6A,<0.0500
209,1807324,2015-10-08,M6G,1.89
208,1804193,2015-10-08,M5M,0.138
210,1807323,2015-10-08,M6P,1.23
203,1807368,2015-10-08,M6R,2.07
206,1804219,2015-10-08,M2M,0.123
204,1807326,2015-10-08,M6K,0.492
211,1804192,2015-10-08,M2H,<0.0500
202,1805003,2015-10-09,M6S,<0.0500
201,1807373,2015-10-09,M6R,2.45
200,1805918,2015-10-09,M4C,20.6
196,1805919,2015-10-13,M4C,1.45
197,1816975,2015-10-13,M5P,8.50
193,1816979,2015-10-14,M5M,0.290
194,1809119,2015-10-14,M1L,2.95
192,1812693,2015-10-15,M9A,<0.0500
191,1808172,2015-10-15,M6S,0.231
188,1809120,2015-10-16,M1N,<0.0500
187,1815474,2015-10-17,M1E,<0.0500
186,1809156,2015-10-18,M4K,2.50
184,1816996,2015-10-19,M4G,<0.0500
182,1809153,2015-10-19,M4N,0.477
183,1809133,2015-10-19,M4C,1.43
181,1809146,2015-10-20,M4G,0.204
179,1812695,2015-10-20,M5N,0.539
180,1809135,2015-10-20,M4M,0.323
178,1809144,2015-10-21,M4L,0.341
174,1812731,2015-10-22,M6K,0.386
175,1811343,2015-10-22,M4S,3.44
169,1812755,2015-10-23,M6H,0.900
171,1812760,2015-10-23,M5R,1.60
163,1815974,2015-10-26,M4E,0.988
158,1816003,2015-10-26,M4C,1.54
167,1811344,2015-10-26,M8W,1.17
150,1812697,2015-10-29,M6S,<0.0500
152,1812745,2015-10-29,M6S,1.07
151,1812758,2015-10-29,M6S,2.48
147,1815436,2015-11-01,M4L,0.423
146,1816002,2015-11-02,M4E,0.119
145,1830483,2015-11-02,M4R,2.33
144,1815429,2015-11-02,M6C,4.96
143,1818480,2015-11-02,M4G,0.113
142,1815445,2015-11-02,M6S,1.92
141,1815428,2015-11-03,M6H,<0.0500
140,1818484,2015-11-03,M6S,0.243
139,1817000,2015-11-04,M3J,0.290
138,1815976,2015-11-04,M4K,0.289
137,1816993,2015-11-04,M9C,0.0554
136,1818481,2015-11-06,M4M,0.0938
135,1817947,2015-11-06,M4L,1.26
134,1816976,2015-11-07,M6S,<0.0500
133,1818486,2015-11-08,M4C,1.15
132,1817964,2015-11-09,M4C,0.146
131,1817911,2015-11-09,M4L,0.774
130,1816977,2015-11-09,M8W,1.83
129,1820008,2015-11-10,M6K,21.3
128,1819505,2015-11-10,M4S,1.54
127,1842429,2015-11-11,M1K,<0.0500
126,1819525,2015-11-11,M4T,0.308
125,1819503,2015-11-11,M4J,<0.0500
123,1819501,2015-11-11,M4C,0.756
124,1819502,2015-11-11,M6P,13.4
120,1818485,2015-11-12,M4P,0.863
122,1825628,2015-11-12,M4R,0.520
121,1820005,2015-11-12,M6S,0.0921
119,1818497,2015-11-12,M6S,1.84
117,1819524,2015-11-13,M4C,0.0588
118,1819498,2015-11-13,M4J,1.12
116,1828792,2015-11-14,M4L,2.49
115,1819504,2015-11-15,M4J,0.846
114,1819500,2015-11-16,M4E,0.158
113,1819532,2015-11-16,M4J,1.07
112,1819991,2015-11-16,M8X,0.131
111,1819499,2015-11-16,M6E,<0.0500
107,1824180,2015-11-17,M4L,0.533
110,1823094,2015-11-17,M4C,1.44
109,1825647,2015-11-17,M4G,0.632
108,1824177,2015-11-17,M4L,0.869
104,1824182,2015-11-18,M4K,1.62
105,1823107,2015-11-18,M6R,1.74
103,1823095,2015-11-18,M6P,0.654
102,1823093,2015-11-18,M6N,0.681
106,1824195,2015-11-18,M4L,<0.0500
101,1828897,2015-11-19,M4J,0.285
100,1824198,2015-11-20,M4B,<0.0500
99,1825618,2015-11-22,M4Y,<0.0500
98,1825586,2015-11-22,M6P,<0.0500
97,1824176,2015-11-22,M4E,2.06
92,1824196,2015-11-23,M4C,0.335
95,1826072,2015-11-23,M1N,<0.0500
96,1824175,2015-11-23,M4L,2.91
93,1826058,2015-11-23,M6S,0.454
91,1823092,2015-11-23,M1N,<0.0500
94,1825641,2015-11-23,M2N,0.156
90,1826063,2015-11-24,M3H,0.0834
89,1826046,2015-11-24,M6N,<0.0500
88,1824178,2015-11-24,M4E,0.0972
87,1826061,2015-11-24,M4N,<0.0500
86,1824199,2015-11-24,M4B,<0.0500
85,1825643,2015-11-25,M5M,4.06
84,1824197,2015-11-25,M4E,0.472
83,1826091,2015-11-25,M6H,1.48
82,1826146,2015-11-25,M6N,<0.0500
81,1826044,2015-11-25,M6S,<0.0500
79,1826059,2015-11-26,M6P,0.0519
80,1828814,2015-11-26,M4R,1.91
78,1826060,2015-11-27,M5S,<0.0500
76,1826045,2015-11-27,M6P,1.91
75,1828918,2015-11-27,M4J,0.0796
74,1826043,2015-11-27,M4J,<0.0500
73,1828869,2015-11-27,M4M,0.0571
77,1842428,2015-11-27,M1K,4.16
72,1825587,2015-11-28,M4E,1.37
71,1825157,2015-11-29,M1N,0.559
70,1828870,2015-11-29,M4J,0.122
69,1842425,2015-11-30,M1K,<0.0500
68,1828816,2015-11-30,M4E,1.58
67,1826090,2015-11-30,M8V,0.116
64,1828914,2015-12-01,M4L,1.26
63,1830480,2015-12-01,M4E,0.640
66,1828817,2015-12-01,M4C,0.583
65,1828456,2015-12-01,M1L,<0.0500
62,1842424,2015-12-02,M4A,0.0605
61,1828941,2015-12-02,M9C,2.55
60,1830485,2015-12-02,M4V,<0.0500
59,1828815,2015-12-03,M4M,<0.0500
58,1830487,2015-12-03,M6P,<0.0500
56,1828457,2015-12-03,M5M,3.51
57,1828793,2015-12-03,M4C,2.02
55,1828940,2015-12-04,M8V,3.54
54,1828791,2015-12-04,M4E,0.563
53,1830482,2015-12-07,M6C,1.32
52,1828919,2015-12-07,M4K,<0.0500
51,1832034,2015-12-08,M6J,0.723
50,1830484,2015-12-08,M6H,0.670
49,1830486,2015-12-08,M6H,1.04
45,1832046,2015-12-09,M6E,5.88
47,1830464,2015-12-09,M4W,0.179
48,1834897,2015-12-09,M4N,<0.0500
46,1832036,2015-12-09,M5M,0.111
43,1832037,2015-12-10,M4C,4.95
42,1830481,2015-12-10,M4W,<0.0500
41,1834924,2015-12-10,M4E,83.3
44,1832033,2015-12-10,M3C,<0.0500
40,1832047,2015-12-11,M6S,<0.0500
39,1832035,2015-12-11,M6C,<0.0500
38,1832039,2015-12-11,M4C,<0.0500
37,1832032,2015-12-13,M4R,2.23
36,1832038,2015-12-13,M4J,0.241
35,1848396,2015-12-13,M6E,0.882
34,1838093,2015-12-13,M6S,<0.0500
33,1833825,2015-12-14,M6S,1.37
32,1834925,2015-12-15,M3H,<0.0500
31,1837014,2015-12-16,M4C,<0.0500
29,1833587,2015-12-16,M4K,<0.0500
30,1833588,2015-12-16,M6S,0.226
28,1833826,2015-12-17,M8Z,0.0849
27,1833823,2015-12-17,M6H,1.53
26,1834928,2015-12-17,M4S,0.710
25,1833589,2015-12-17,M4C,1.31
24,1833586,2015-12-17,M4E,2.14
23,1833824,2015-12-18,M6H,0.155
22,1837024,2015-12-18,M4M,0.425
21,1833831,2015-12-18,M6K,0.126
20,1834930,2015-12-18,M6M,<0.0500
18,1834927,2015-12-20,M8V,<0.0500
19,1834932,2015-12-20,M6S,2.77
16,1837012,2015-12-21,M4E,0.590
15,1834931,2015-12-21,M6M,2.32
17,1834929,2015-12-21,M8X,0.940
14,1837700,2015-12-22,M4G,0.160
13,1838104,2015-12-22,M5S,<0.0500
12,1838092,2015-12-22,M5S,0.0821
11,1838090,2015-12-22,M4L,5.04
10,1837013,2015-12-22,M4L,0.0752
9,1837011,2015-12-22,M4K,0.0542
8,1834926,2015-12-22,M4L,1.14
7,1838111,2015-12-23,M6P,0.0932
5,1837037,2015-12-24,M4L,0.493
6,1837015,2015-12-24,M4J,0.0872
4,1838103,2015-12-24,M4L,8.29
3,1838109,2015-12-28,M5M,1.34
2,1838082,2015-12-29,M5A,0.146
1,1838110,2015-12-30,M6S,0.0949
0,1839002,2015-12-31,M4L,0.620
